rating,num_cores,processor_speed,battery_capacity,fast_charging_available,fast_charging,ram_capacity,internal_memory,screen_size,refresh_rate,num_rear_cameras,num_front_cameras,primary_camera_rear,primary_camera_front,extended_memory_available,extended_upto,has_5g,has_nfc,has_ir_blaster,resolution_width,resolution_height,pixel_count,aspect_ratio,ppi,total_cameras,screen_to_battery_ratio,ram_to_storage_ratio,performance_score,brand_grouped,processor_grouped,os_grouped,target_category_idx,target_category
78.0,8.0,2.4,5000.0,1,20.0,4.0,64.0,6.47,60,3,1.0,50.0,16.0,1,1024.0,0,1,0,1080,2400,2592000,2.22,406.8,4.0,772.8,0.0625,76.8,motorola,snapdragon,android,0,Budget
83.0,8.0,2.0,4500.0,1,44.0,8.0,128.0,6.44,90,3,1.0,64.0,50.0,1,1024.0,1,0,0,1080,2408,2600640,2.23,409.8,4.0,698.8,0.0625,128.0,vivo,dimensity,android,1,Mid-Range
83.0,6.0,3.22,3095.0,1,,6.0,128.0,6.1,120,3,1.0,12.0,12.0,0,,1,1,0,1170,2532,2962440,2.16,457.3,4.0,507.4,0.0469,115.92,apple,bionic,ios,3,Flagship
78.0,8.0,2.4,5000.0,1,18.0,6.0,128.0,6.6,90,3,1.0,50.0,8.0,1,1024.0,1,0,0,1080,2408,2600640,2.23,399.9,4.0,757.6,0.0469,115.2,realme,dimensity,android,1,Mid-Range
80.0,8.0,2.2,5000.0,1,18.0,6.0,128.0,6.58,120,3,1.0,50.0,16.0,1,1024.0,1,0,0,1080,2408,2600640,2.23,401.1,4.0,759.9,0.0469,105.6,iqoo,snapdragon,android,1,Mid-Range
82.0,8.0,2.2,4500.0,1,33.0,8.0,128.0,6.43,60,3,1.0,64.0,16.0,1,1024.0,1,0,0,1080,2400,2592000,2.22,409.3,4.0,699.8,0.0625,140.8,oppo,snapdragon,android,1,Mid-Range
85.0,8.0,3.05,5160.0,1,45.0,8.0,256.0,6.8,120,3,1.0,64.0,32.0,0,,1,1,0,1080,2400,2592000,2.22,387.0,4.0,758.8,0.0312,195.2,tecno,dimensity,android,2,Premium
89.0,8.0,3.0,5000.0,1,80.0,8.0,128.0,6.7,120,3,1.0,50.0,32.0,0,,1,1,0,1440,3216,4631040,2.23,525.9,4.0,746.3,0.0625,192.0,oneplus,snapdragon,android,3,Flagship
87.0,8.0,3.0,5000.0,1,67.0,8.0,128.0,6.7,120,2,1.0,108.0,16.0,1,1024.0,1,1,0,1080,2412,2604960,2.23,394.4,3.0,746.3,0.0625,192.0,oppo,snapdragon,android,2,Premium
84.0,8.0,2.05,5000.0,1,33.0,8.0,128.0,6.43,90,4,1.0,108.0,16.0,1,512.0,0,0,1,1080,2400,2592000,2.22,409.3,5.0,777.6,0.0625,131.2,xiaomi,helio,android,1,Mid-Range
74.0,8.0,2.2,5000.0,1,33.0,4.0,64.0,6.4,90,2,1.0,50.0,16.0,1,1024.0,0,0,0,1080,2400,2592000,2.22,411.2,3.0,781.2,0.0625,70.4,other_brand,helio,android,0,Budget
70.0,8.0,2.0,5000.0,0,,4.0,64.0,6.71,60,2,1.0,50.0,5.0,1,512.0,0,0,0,720,1650,1188000,2.29,268.3,3.0,745.2,0.0625,64.0,other_brand,helio,android,0,Budget
73.0,8.0,2.0,5000.0,1,18.0,4.0,128.0,6.53,60,3,1.0,16.0,16.0,1,256.0,0,0,0,1080,2340,2527200,2.17,394.7,4.0,765.7,0.0312,64.0,vivo,helio,android,1,Mid-Range
67.0,8.0,,5000.0,1,25.0,4.0,64.0,6.62,60,3,1.0,50.0,16.0,1,1024.0,0,1,0,1080,2408,2600640,2.23,398.7,4.0,755.3,0.0625,73.6,samsung,other_proc,android,0,Budget
82.0,8.0,2.3,4250.0,1,33.0,8.0,128.0,6.55,90,3,1.0,64.0,16.0,1,512.0,0,0,1,1080,2400,2592000,2.22,401.8,4.0,648.9,0.0625,147.2,xiaomi,snapdragon,android,1,Mid-Range
83.0,6.0,3.22,4325.0,1,,6.0,256.0,6.7,60,2,1.0,12.0,12.0,0,,1,1,0,1284,2778,3566952,2.16,456.8,3.0,645.5,0.0234,115.92,apple,bionic,ios,3,Flagship
88.0,8.0,2.9,4500.0,1,25.0,8.0,256.0,6.4,120,3,1.0,12.0,32.0,0,,1,1,0,1080,2340,2527200,2.17,402.7,4.0,703.1,0.0312,185.6,samsung,exynos,android,2,Premium
82.0,8.0,2.2,5000.0,1,18.0,8.0,128.0,6.58,120,3,1.0,50.0,16.0,1,1024.0,1,0,0,1080,2408,2600640,2.23,401.1,4.0,759.9,0.0625,140.8,iqoo,snapdragon,android,1,Mid-Range
72.0,8.0,2.3,5000.0,1,,4.0,64.0,6.56,60,2,1.0,50.0,5.0,1,1024.0,0,0,0,720,1612,1160640,2.24,269.1,3.0,762.2,0.0625,73.6,oppo,helio,android,0,Budget
73.0,8.0,2.0,4500.0,1,65.0,4.0,64.0,6.3,60,4,1.0,48.0,13.0,1,256.0,0,0,0,1080,2400,2592000,2.22,417.7,5.0,714.3,0.0625,64.0,oneplus,snapdragon,android,1,Mid-Range
68.0,8.0,2.3,5000.0,0,,4.0,64.0,6.53,60,2,1.0,13.0,5.0,1,512.0,0,0,0,720,1600,1152000,2.22,268.7,3.0,765.7,0.0625,73.6,xiaomi,helio,android,0,Budget
,4.0,2.0,4000.0,0,,4.0,32.0,6.54,60,2,1.0,8.0,5.0,0,,0,0,0,720,1560,1123200,2.17,262.7,3.0,611.6,0.125,32.0,other_brand,tiger,android,0,Budget
84.0,8.0,2.4,4300.0,1,65.0,8.0,128.0,6.43,120,3,1.0,64.0,32.0,0,,1,1,0,1080,2400,2592000,2.22,409.3,4.0,668.7,0.0625,153.6,realme,snapdragon,android,1,Mid-Range
82.0,8.0,2.4,5000.0,1,66.0,8.0,128.0,6.0,120,3,2.0,50.0,50.0,0,,1,0,0,1080,2400,2592000,2.22,438.6,5.0,833.3,0.0625,153.6,vivo,dimensity,android,1,Mid-Range
83.0,8.0,2.36,4500.0,1,65.0,8.0,128.0,6.43,90,4,1.0,50.0,16.0,1,256.0,1,0,0,1080,2460,2656800,2.28,417.8,5.0,699.8,0.0625,151.04,oppo,snapdragon,android,1,Mid-Range
75.0,8.0,2.2,5000.0,1,33.0,4.0,64.0,6.43,60,4,1.0,48.0,13.0,1,512.0,0,0,1,1080,2400,2592000,2.22,409.3,5.0,777.6,0.0625,70.4,xiaomi,snapdragon,android,0,Budget
60.0,4.0,2.0,5000.0,0,,2.0,64.0,6.6,60,2,1.0,8.0,5.0,1,512.0,0,0,0,720,1600,1152000,2.22,265.8,3.0,757.6,0.0312,16.0,infinix,helio,android,0,Budget
80.0,8.0,2.2,5000.0,1,18.0,6.0,128.0,6.58,120,3,1.0,50.0,16.0,1,1024.0,1,0,0,1080,2408,2600640,2.23,401.1,4.0,759.9,0.0469,105.6,vivo,snapdragon,android,1,Mid-Range
80.0,8.0,3.0,5000.0,1,120.0,8.0,128.0,6.73,144,3,1.0,50.0,16.0,0,,1,0,0,1080,2400,2592000,2.22,391.1,4.0,742.9,0.0625,192.0,realme,snapdragon,android,1,Mid-Range
64.0,8.0,2.0,5000.0,0,,3.0,32.0,6.53,60,1,1.0,13.0,5.0,1,512.0,0,0,0,720,1600,1152000,2.22,268.7,2.0,765.7,0.0938,48.0,xiaomi,helio,android,0,Budget
80.0,8.0,2.0,5000.0,1,33.0,8.0,128.0,6.5,120,2,1.0,50.0,16.0,1,1024.0,0,1,0,1080,2400,2592000,2.22,404.9,3.0,769.2,0.0625,128.0,sony,snapdragon,android,1,Mid-Range
69.0,8.0,,4410.0,1,,6.0,128.0,6.1,90,2,1.0,12.2,8.0,0,,1,1,0,1080,2400,2592000,2.22,431.4,3.0,723.0,0.0469,110.4,google,google,android,2,Premium
70.0,8.0,2.0,3315.0,0,,4.0,128.0,6.3,60,2,1.0,16.0,25.0,1,256.0,0,0,0,1080,2280,2462400,2.11,400.5,3.0,526.2,0.0312,64.0,vivo,helio,android,1,Mid-Range
83.0,8.0,3.0,4500.0,1,80.0,8.0,128.0,6.43,90,3,1.0,50.0,32.0,0,,1,1,0,1080,2400,2592000,2.22,409.3,4.0,699.8,0.0625,192.0,oppo,dimensity,android,1,Mid-Range
75.0,8.0,2.4,5000.0,1,18.0,4.0,64.0,6.6,120,2,1.0,50.0,8.0,1,1024.0,1,0,0,1080,2408,2600640,2.23,399.9,3.0,757.6,0.0625,76.8,infinix,dimensity,android,1,Mid-Range
80.0,8.0,2.4,5000.0,1,33.0,8.0,128.0,6.59,90,2,1.0,50.0,16.0,1,,0,0,0,1080,2412,2604960,2.23,401.0,3.0,758.7,0.0625,153.6,oppo,snapdragon,android,1,Mid-Range
83.0,8.0,3.2,4700.0,1,80.0,8.0,128.0,6.62,120,3,1.0,64.0,16.0,0,,1,0,0,1080,2400,2592000,2.22,397.6,4.0,710.0,0.0625,204.8,iqoo,snapdragon,android,1,Mid-Range
79.0,8.0,2.4,4300.0,1,30.0,8.0,128.0,6.55,90,3,1.0,64.0,16.0,0,,0,0,0,1080,2400,2592000,2.22,401.8,4.0,656.5,0.0625,153.6,oneplus,snapdragon,android,1,Mid-Range
75.0,8.0,2.0,5000.0,1,20.0,4.0,64.0,6.47,60,3,1.0,50.0,13.0,1,1024.0,0,0,0,1080,2400,2592000,2.22,406.8,4.0,772.8,0.0625,64.0,motorola,helio,android,0,Budget
75.0,8.0,2.2,5000.0,1,33.0,4.0,64.0,6.67,120,3,1.0,48.0,13.0,1,1024.0,0,0,1,1080,2400,2592000,2.22,394.6,4.0,749.6,0.0625,70.4,xiaomi,helio,android,0,Budget
89.0,8.0,3.2,4700.0,1,45.0,8.0,256.0,6.6,120,3,1.0,50.0,12.0,0,,1,1,0,1080,2340,2527200,2.17,390.5,4.0,712.1,0.0312,204.8,samsung,snapdragon,android,3,Flagship
72.0,8.0,2.3,5000.0,1,18.0,4.0,64.0,6.6,60,3,1.0,50.0,8.0,1,,0,0,0,1080,2408,2600640,2.23,399.9,4.0,757.6,0.0625,73.6,tecno,helio,android,0,Budget
,4.0,2.0,4800.0,0,,3.0,32.0,6.8,60,1,1.0,13.0,5.0,1,,0,0,0,720,1600,1152000,2.22,258.0,2.0,705.9,0.0938,24.0,other_brand,tiger,android,0,Budget
86.0,8.0,3.1,4600.0,1,66.0,8.0,256.0,6.78,120,3,1.0,50.0,50.0,0,,1,1,0,1080,2400,2592000,2.22,388.2,4.0,678.5,0.0312,198.4,vivo,dimensity,android,2,Premium
88.0,8.0,3.2,4700.0,1,66.0,8.0,128.0,6.67,120,3,1.0,50.0,32.0,0,,1,1,0,1080,2400,2592000,2.22,394.6,4.0,704.6,0.0625,204.8,other_brand,snapdragon,android,2,Premium
79.0,8.0,2.4,5000.0,1,33.0,6.0,128.0,6.6,90,3,1.0,48.0,16.0,1,1024.0,1,0,0,1080,2400,2592000,2.22,398.8,4.0,757.6,0.0469,115.2,realme,dimensity,android,1,Mid-Range
84.0,6.0,3.22,4352.0,1,,6.0,256.0,6.7,120,3,1.0,12.0,12.0,0,,1,1,0,1284,2778,3566952,2.16,456.8,4.0,649.6,0.0234,115.92,apple,bionic,ios,3,Flagship
80.0,8.0,2.4,5000.0,1,33.0,8.0,128.0,6.6,90,2,1.0,50.0,8.0,1,1024.0,1,0,0,1080,2408,2600640,2.23,399.9,3.0,757.6,0.0625,153.6,realme,dimensity,android,0,Budget
,4.0,2.0,3500.0,0,,4.0,32.0,6.26,60,2,1.0,13.0,5.0,1,,0,0,0,720,1600,1152000,2.22,280.3,3.0,559.1,0.125,32.0,other_brand,tiger,other_os,0,Budget
76.0,8.0,,4500.0,1,67.0,8.0,128.0,6.44,90,3,1.0,50.0,16.0,1,1024.0,1,0,0,1080,2408,2600640,2.23,409.8,4.0,698.8,0.0625,147.2,vivo,snapdragon,android,1,Mid-Range
71.0,8.0,2.0,5000.0,1,15.0,4.0,64.0,6.5,90,3,1.0,50.0,5.0,1,1024.0,0,0,0,720,1600,1152000,2.22,269.9,4.0,769.2,0.0625,64.0,samsung,exynos,android,0,Budget
76.0,8.0,2.4,5000.0,1,33.0,4.0,64.0,6.43,90,4,1.0,50.0,13.0,1,512.0,0,0,1,1080,2400,2592000,2.22,409.3,5.0,777.6,0.0625,76.8,xiaomi,snapdragon,android,0,Budget
78.0,8.0,2.2,5000.0,1,33.0,6.0,128.0,6.43,60,4,1.0,48.0,13.0,1,512.0,0,0,1,1080,2400,2592000,2.22,409.3,5.0,777.6,0.0469,105.6,xiaomi,snapdragon,android,1,Mid-Range
85.0,8.0,2.84,4500.0,1,66.0,12.0,256.0,6.62,120,3,1.0,48.0,16.0,0,,1,1,0,1080,2400,2592000,2.22,397.6,4.0,679.8,0.0469,272.64,iqoo,snapdragon,android,2,Premium
87.0,8.0,3.0,5600.0,1,68.0,12.0,256.0,6.92,144,2,1.0,64.0,16.0,0,,1,1,0,1080,2460,2656800,2.28,388.2,3.0,809.2,0.0469,288.0,other_brand,snapdragon,android,2,Premium
74.0,8.0,,5000.0,1,,8.0,128.0,6.5,60,3,1.0,64.0,32.0,1,1024.0,1,0,0,1080,2400,2592000,2.22,404.9,4.0,769.2,0.0625,147.2,samsung,other_proc,android,1,Mid-Range
71.0,8.0,2.3,5000.0,1,15.0,4.0,64.0,6.5,60,4,1.0,48.0,8.0,1,,0,0,0,720,1560,1123200,2.17,264.3,5.0,769.2,0.0625,73.6,samsung,helio,android,0,Budget
86.0,8.0,3.2,4500.0,1,25.0,6.0,128.0,6.71,120,3,1.0,64.0,10.0,1,1024.0,1,1,0,1440,3200,4608000,2.22,523.0,4.0,670.6,0.0469,153.6,samsung,snapdragon,android,2,Premium
88.0,8.0,3.2,4700.0,1,80.0,12.0,256.0,6.73,120,4,1.0,64.0,32.0,0,,1,1,0,1080,2412,2604960,2.23,392.7,5.0,698.4,0.0469,307.2,oppo,snapdragon,android,3,Flagship
60.0,4.0,2.0,5000.0,1,10.0,2.0,32.0,6.52,60,2,1.0,8.0,5.0,1,512.0,0,0,0,720,1600,1152000,2.22,269.1,3.0,766.9,0.0625,16.0,xiaomi,helio,android,0,Budget
88.0,8.0,2.84,5000.0,1,120.0,12.0,256.0,6.67,120,3,1.0,108.0,16.0,0,,1,1,1,1080,2400,2592000,2.22,394.6,4.0,749.6,0.0469,272.64,xiaomi,snapdragon,android,2,Premium
86.0,8.0,3.1,5000.0,1,80.0,8.0,256.0,6.7,120,3,2.0,64.0,32.0,0,,1,1,1,1080,2400,2592000,2.22,392.8,5.0,746.3,0.0312,198.4,xiaomi,dimensity,android,2,Premium
89.0,8.0,3.0,4800.0,1,68.0,8.0,128.0,6.7,144,3,1.0,50.0,60.0,0,,1,1,0,1080,2400,2592000,2.22,392.8,4.0,716.4,0.0625,192.0,motorola,snapdragon,android,2,Premium
78.0,8.0,2.0,5000.0,1,25.0,6.0,128.0,6.6,60,4,1.0,50.0,8.0,1,1024.0,0,0,0,1080,2408,2600640,2.23,399.9,5.0,757.6,0.0469,96.0,samsung,other_proc,android,1,Mid-Range
81.0,8.0,2.2,4200.0,1,40.0,8.0,128.0,6.4,60,4,1.0,48.0,16.0,1,256.0,0,0,0,1080,2340,2527200,2.17,402.7,5.0,656.2,0.0625,140.8,huawei,kirin,android,1,Mid-Range
85.0,8.0,2.4,4000.0,1,33.0,8.0,128.0,6.44,90,3,1.0,64.0,44.0,1,,1,0,0,1080,2400,2592000,2.22,408.7,4.0,621.1,0.0625,153.6,vivo,dimensity,android,1,Mid-Range
85.0,8.0,2.05,4500.0,1,45.0,8.0,128.0,6.67,120,3,1.0,108.0,16.0,1,512.0,1,0,0,1080,2400,2592000,2.22,394.6,4.0,674.7,0.0625,131.2,infinix,helio,android,1,Mid-Range
,4.0,1.4,3020.0,0,,2.0,32.0,5.0,60,1,1.0,2.0,,0,,0,0,0,480,854,409920,1.78,195.9,2.0,604.0,0.0625,11.2,itel,other_proc,android,0,Budget
78.0,8.0,2.0,3700.0,1,,8.0,128.0,6.39,60,3,1.0,48.0,32.0,1,256.0,0,0,0,1080,2316,2501280,2.14,399.9,4.0,579.0,0.0625,128.0,vivo,snapdragon,android,1,Mid-Range
77.0,8.0,2.8,4000.0,1,,6.0,64.0,6.18,60,2,1.0,12.0,20.0,1,256.0,0,0,0,1080,2246,2425680,2.08,403.3,3.0,647.2,0.0938,134.4,xiaomi,snapdragon,android,0,Budget
84.0,8.0,2.0,7000.0,1,33.0,6.0,128.0,6.7,60,4,1.0,64.0,32.0,1,1024.0,1,1,0,1080,2400,2592000,2.22,392.8,5.0,1044.8,0.0469,96.0,samsung,dimensity,android,1,Mid-Range
85.0,8.0,2.6,5000.0,1,33.0,8.0,256.0,6.78,120,3,1.0,50.0,16.0,1,256.0,1,0,0,1080,2460,2656800,2.28,396.3,4.0,737.5,0.0312,166.4,infinix,dimensity,android,1,Mid-Range
80.0,8.0,2.05,5000.0,1,33.0,6.0,64.0,6.43,90,4,1.0,108.0,16.0,1,512.0,0,0,1,1080,2400,2592000,2.22,409.3,5.0,777.6,0.0938,98.4,xiaomi,helio,android,0,Budget
84.0,8.0,2.4,4700.0,1,66.0,8.0,128.0,6.44,90,3,1.0,64.0,16.0,1,1024.0,1,0,0,1080,2404,2596320,2.23,409.2,4.0,729.8,0.0625,153.6,vivo,snapdragon,android,1,Mid-Range
,8.0,1.6,5000.0,1,10.0,2.0,32.0,6.5,60,1,1.0,8.0,5.0,1,1024.0,0,0,0,720,1600,1152000,2.22,269.9,2.0,769.2,0.0625,25.6,realme,unisoc,android,0,Budget
85.0,8.0,2.84,4200.0,1,65.0,8.0,128.0,6.44,90,4,2.0,64.0,32.0,0,,1,1,0,1080,2400,2592000,2.22,408.7,6.0,652.2,0.0625,181.76,realme,snapdragon,android,1,Mid-Range
77.0,8.0,2.4,5000.0,1,18.0,6.0,128.0,6.58,90,2,1.0,50.0,8.0,1,,0,0,0,1080,2408,2600640,2.23,401.1,3.0,759.9,0.0469,115.2,vivo,snapdragon,android,0,Budget
80.0,6.0,3.22,3240.0,1,,4.0,512.0,6.1,60,2,1.0,12.0,12.0,0,,1,1,0,1170,2532,2962440,2.16,457.3,3.0,531.1,0.0078,77.28,apple,bionic,ios,3,Flagship
83.0,8.0,2.2,5000.0,1,33.0,6.0,128.0,6.55,120,3,1.0,108.0,16.0,1,,0,1,0,1080,2400,2592000,2.22,401.8,4.0,763.4,0.0469,105.6,motorola,helio,android,1,Mid-Range
85.0,8.0,3.0,4830.0,1,66.0,8.0,128.0,6.56,120,3,1.0,64.0,32.0,0,,1,0,0,1080,2376,2566080,2.2,397.9,4.0,736.3,0.0625,192.0,vivo,dimensity,android,2,Premium
87.0,8.0,2.84,3360.0,0,,8.0,128.0,7.2,60,3,1.0,64.0,32.0,0,,1,0,0,1440,1920,2764800,1.33,333.3,4.0,466.7,0.0625,181.76,other_brand,snapdragon,android,3,Flagship
,8.0,2.86,4500.0,1,,12.0,512.0,6.53,60,4,2.0,40.0,32.0,1,256.0,1,1,1,1176,2400,2822400,2.04,409.3,6.0,689.1,0.0234,274.56,huawei,kirin,android,3,Flagship
88.0,8.0,3.0,4700.0,1,120.0,8.0,256.0,6.78,120,3,1.0,50.0,16.0,0,,1,1,0,1440,3200,4608000,2.22,517.6,4.0,693.2,0.0312,192.0,iqoo,snapdragon,android,3,Flagship
89.0,8.0,2.84,5000.0,1,120.0,16.0,512.0,6.5,144,2,1.0,64.0,20.0,0,,1,1,0,1080,2400,2592000,2.22,404.9,3.0,769.2,0.0312,363.52,other_brand,snapdragon,android,3,Flagship
74.0,8.0,2.2,5000.0,1,33.0,4.0,64.0,6.4,90,2,1.0,50.0,16.0,1,1024.0,0,0,0,1080,2400,2592000,2.22,411.2,3.0,781.2,0.0625,70.4,realme,helio,android,0,Budget
68.0,8.0,2.0,4230.0,0,,4.0,64.0,6.52,60,1,1.0,13.0,5.0,1,1024.0,0,0,0,720,1600,1152000,2.22,269.1,2.0,648.8,0.0625,64.0,oppo,helio,android,0,Budget
87.0,8.0,2.4,5000.0,1,25.0,6.0,128.0,6.5,120,4,1.0,64.0,32.0,1,1024.0,1,1,0,1080,2400,2592000,2.22,404.9,5.0,769.2,0.0469,115.2,samsung,exynos,android,2,Premium
,4.0,1.2,2730.0,0,,3.0,16.0,5.2,60,1,1.0,13.0,5.0,1,,0,0,0,720,1280,921600,1.78,282.4,2.0,525.0,0.1875,14.4,vivo,snapdragon,android,0,Budget
77.0,6.0,,3200.0,1,,6.0,1024.0,6.1,120,3,1.0,48.0,12.0,0,,1,1,0,1179,2556,3013524,2.17,461.4,4.0,524.6,0.0059,82.8,apple,bionic,ios,3,Flagship
,8.0,2.9,5000.0,1,25.0,12.0,128.0,6.8,120,4,1.0,108.0,40.0,0,,1,1,0,1440,3200,4608000,2.22,516.0,5.0,735.3,0.0938,278.4,samsung,exynos,android,3,Flagship
74.0,8.0,2.2,6000.0,1,45.0,8.0,256.0,6.66,90,2,1.0,50.0,8.0,1,1024.0,0,0,0,720,1600,1152000,2.22,263.4,3.0,900.9,0.0312,140.8,tecno,helio,android,1,Mid-Range
83.0,8.0,2.36,5200.0,1,210.0,6.0,128.0,6.67,120,4,1.0,108.0,32.0,1,512.0,1,0,1,1080,2460,2656800,2.28,402.8,5.0,779.6,0.0469,113.28,xiaomi,snapdragon,android,2,Premium
,8.0,3.2,4730.0,1,80.0,12.0,256.0,8.03,120,4,2.0,50.0,16.0,0,,1,1,0,1916,2160,4138560,1.13,359.6,6.0,589.0,0.0469,307.2,vivo,snapdragon,android,3,Flagship
71.0,8.0,1.6,5050.0,1,18.0,4.0,64.0,6.5,90,3,1.0,50.0,8.0,1,512.0,0,0,0,720,1600,1152000,2.22,269.9,4.0,776.9,0.0625,51.2,nokia,unisoc,android,0,Budget
,8.0,3.0,5000.0,1,80.0,12.0,256.0,6.7,120,3,1.0,50.0,32.0,0,,1,1,0,1440,3216,4631040,2.23,525.9,4.0,746.3,0.0469,288.0,oneplus,snapdragon,android,3,Flagship
,8.0,3.0,5000.0,1,80.0,12.0,512.0,7.0,120,4,1.0,50.0,16.0,0,,1,1,1,1440,3080,4435200,2.14,485.7,5.0,714.3,0.0234,288.0,vivo,snapdragon,android,3,Flagship
83.0,8.0,2.73,7000.0,1,,6.0,128.0,6.71,60,4,1.0,64.0,32.0,1,1024.0,0,1,0,1080,2400,2592000,2.22,392.2,5.0,1043.2,0.0469,131.04,samsung,exynos,android,1,Mid-Range
81.0,8.0,2.2,4500.0,1,20.0,6.0,128.0,6.58,120,3,1.0,50.0,8.0,1,,1,1,0,1080,2400,2592000,2.22,400.0,4.0,683.9,0.0469,105.6,nokia,snapdragon,android,1,Mid-Range
85.0,8.0,2.0,4500.0,1,44.0,12.0,256.0,6.44,90,3,1.0,64.0,50.0,1,1024.0,1,0,0,1080,2408,2600640,2.23,409.8,4.0,698.8,0.0469,192.0,vivo,dimensity,android,2,Premium
65.0,8.0,2.0,5000.0,1,10.0,2.0,64.0,6.5,60,1,1.0,13.0,5.0,1,1024.0,0,0,0,720,1600,1152000,2.22,269.9,2.0,769.2,0.0312,32.0,motorola,tiger,android,0,Budget
84.0,8.0,2.05,6000.0,1,33.0,8.0,128.0,6.3,60,3,1.0,108.0,32.0,1,1024.0,0,1,0,1080,2340,2527200,2.17,409.1,4.0,952.4,0.0625,131.2,other_brand,helio,android,0,Budget
74.0,8.0,2.3,5000.0,1,,6.0,128.0,6.51,60,3,1.0,13.0,16.0,1,256.0,0,0,0,720,1600,1152000,2.22,269.5,4.0,768.0,0.0469,110.4,oppo,helio,android,0,Budget
71.0,8.0,2.0,5000.0,0,,4.0,64.0,6.78,90,3,1.0,50.0,8.0,1,256.0,0,0,0,1080,2480,2678400,2.3,399.0,4.0,737.5,0.0625,64.0,infinix,helio,android,0,Budget
85.0,8.0,3.2,4700.0,1,67.0,8.0,128.0,6.7,120,3,1.0,64.0,32.0,0,,1,1,0,1080,2400,2592000,2.22,392.8,4.0,701.5,0.0625,204.8,poco,snapdragon,android,2,Premium
86.0,8.0,3.05,5000.0,1,120.0,16.0,256.0,6.73,120,2,1.0,50.0,32.0,0,,1,1,0,1080,2412,2604960,2.23,392.7,3.0,742.9,0.0625,390.4,oppo,dimensity,android,2,Premium
75.0,8.0,2.0,4300.0,1,66.0,8.0,128.0,6.67,120,3,1.0,64.0,16.0,0,,1,0,0,1080,2340,2527200,2.17,386.4,4.0,644.7,0.0625,128.0,honor,dimensity,android,1,Mid-Range
61.0,4.0,2.0,5000.0,1,10.0,3.0,32.0,6.52,60,2,1.0,8.0,5.0,1,512.0,0,0,0,720,1600,1152000,2.22,269.1,3.0,766.9,0.0938,24.0,poco,helio,android,0,Budget
72.0,8.0,2.0,5000.0,1,18.0,4.0,64.0,6.55,60,2,1.0,50.0,8.0,1,1024.0,0,0,0,720,1612,1160640,2.24,269.5,3.0,763.4,0.0625,64.0,vivo,helio,android,0,Budget
81.0,8.0,2.84,5000.0,1,80.0,8.0,128.0,6.62,120,3,1.0,50.0,16.0,0,,1,0,0,1080,2400,2592000,2.22,397.6,4.0,755.3,0.0625,181.76,oppo,snapdragon,android,1,Mid-Range
,8.0,3.2,4400.0,1,25.0,12.0,1024.0,7.6,120,3,2.0,50.0,10.0,0,,1,1,0,1812,2176,3942912,1.2,372.6,5.0,578.9,0.0117,307.2,samsung,snapdragon,android,3,Flagship
60.0,4.0,1.6,5000.0,0,,4.0,64.0,6.5,60,1,1.0,13.0,8.0,1,128.0,0,0,0,720,1600,1152000,2.22,269.9,2.0,769.2,0.0625,25.6,other_brand,other_proc,android,0,Budget
85.0,8.0,2.85,5000.0,1,80.0,8.0,128.0,6.7,120,3,1.0,50.0,16.0,0,,1,1,0,1080,2412,2604960,2.23,394.4,4.0,746.3,0.0625,182.4,oneplus,dimensity,android,2,Premium
,8.0,2.84,4500.0,1,30.0,12.0,512.0,6.5,120,3,1.0,12.0,8.0,1,1024.0,1,1,0,1644,3840,6312960,2.34,642.6,4.0,692.3,0.0234,272.64,sony,snapdragon,android,3,Flagship
67.0,8.0,2.0,6000.0,1,15.0,4.0,128.0,6.51,60,2,1.0,13.0,5.0,0,,1,0,0,720,1600,1152000,2.22,269.5,3.0,921.7,0.0312,64.0,vivo,dimensity,android,0,Budget
85.0,8.0,2.2,5000.0,1,30.0,8.0,256.0,6.5,120,2,1.0,50.0,16.0,1,,1,1,0,1080,2400,2592000,2.22,404.9,3.0,769.2,0.0312,140.8,motorola,dimensity,android,1,Mid-Range
85.0,8.0,3.1,5080.0,1,120.0,8.0,128.0,6.67,120,3,1.0,50.0,32.0,0,,1,0,1,1080,2460,2656800,2.28,402.8,4.0,761.6,0.0625,198.4,xiaomi,dimensity,android,1,Mid-Range
85.0,8.0,2.2,4200.0,1,33.0,6.0,128.0,6.43,90,2,1.0,50.0,16.0,1,1024.0,1,1,0,1080,2400,2592000,2.22,409.3,3.0,653.2,0.0469,105.6,nokia,snapdragon,android,2,Premium
75.0,8.0,2.4,5000.0,1,15.0,4.0,64.0,6.6,90,3,1.0,50.0,13.0,1,1024.0,1,0,0,1080,2408,2600640,2.23,399.9,4.0,757.6,0.0625,76.8,samsung,exynos,android,1,Mid-Range
78.0,8.0,2.0,5000.0,1,33.0,6.0,128.0,6.4,60,3,1.0,48.0,16.0,1,256.0,0,0,0,1080,2400,2592000,2.22,411.2,4.0,781.2,0.0469,96.0,oppo,snapdragon,android,0,Budget
88.0,8.0,3.05,4300.0,1,44.0,8.0,128.0,6.8,120,2,1.0,50.0,32.0,0,,1,1,0,1200,2400,2880000,2.0,394.6,3.0,632.4,0.0625,195.2,oppo,dimensity,android,3,Flagship
79.0,8.0,2.0,5000.0,1,18.0,6.0,128.0,6.58,120,2,1.0,50.0,8.0,1,1024.0,1,0,0,1080,2408,2600640,2.23,401.1,3.0,759.9,0.0469,96.0,iqoo,snapdragon,android,1,Mid-Range
80.0,8.0,2.4,5000.0,1,30.0,6.0,128.0,6.6,144,3,1.0,48.0,16.0,1,1024.0,1,0,0,1080,2412,2604960,2.23,400.4,4.0,757.6,0.0469,115.2,realme,snapdragon,android,1,Mid-Range
66.0,8.0,2.0,5000.0,1,18.0,4.0,64.0,6.22,60,2,1.0,12.0,8.0,1,512.0,0,0,1,720,1520,1094400,2.11,270.4,3.0,803.9,0.0625,64.0,xiaomi,snapdragon,android,0,Budget
89.0,8.0,2.84,4500.0,1,65.0,8.0,128.0,6.7,120,4,1.0,48.0,16.0,0,,1,1,0,1440,3216,4631040,2.23,525.9,5.0,671.6,0.0625,181.76,oneplus,snapdragon,android,3,Flagship
84.0,8.0,2.05,4500.0,1,120.0,8.0,128.0,6.7,120,3,1.0,108.0,16.0,1,256.0,0,0,0,1080,2400,2592000,2.22,392.8,4.0,671.6,0.0625,131.2,infinix,helio,android,1,Mid-Range
89.0,8.0,2.4,5000.0,1,25.0,8.0,256.0,6.5,120,4,1.0,64.0,32.0,1,1024.0,1,1,0,1080,2400,2592000,2.22,404.9,5.0,769.2,0.0312,153.6,samsung,exynos,android,2,Premium
76.0,8.0,2.0,5000.0,1,15.0,6.0,128.0,6.4,60,4,1.0,48.0,13.0,1,1024.0,0,0,0,720,1600,1152000,2.22,274.1,5.0,781.2,0.0469,96.0,samsung,helio,android,1,Mid-Range
75.0,8.0,2.0,5000.0,1,18.0,4.0,64.0,6.58,120,2,1.0,50.0,8.0,1,1024.0,1,0,0,1080,2408,2600640,2.23,401.1,3.0,759.9,0.0625,64.0,iqoo,snapdragon,android,0,Budget
85.0,8.0,3.2,4600.0,1,66.0,8.0,128.0,6.78,120,3,1.0,64.0,50.0,0,,1,1,0,1080,2400,2592000,2.22,388.2,4.0,678.5,0.0625,204.8,vivo,snapdragon,android,1,Mid-Range
85.0,8.0,3.13,4500.0,1,66.0,8.0,256.0,6.76,120,3,1.0,64.0,13.0,0,,1,1,0,1440,3200,4608000,2.22,519.1,4.0,665.7,0.0312,200.32,huawei,kirin,other_os,3,Flagship
67.0,8.0,1.8,5000.0,1,18.0,4.0,64.0,6.5,90,3,1.0,16.0,8.0,1,,0,0,0,720,1600,1152000,2.22,269.9,4.0,769.2,0.0625,57.6,motorola,helio,android,0,Budget
82.0,8.0,2.2,5000.0,1,67.0,6.0,128.0,6.67,120,3,1.0,64.0,16.0,1,1024.0,1,0,1,1080,2400,2592000,2.22,394.6,4.0,749.6,0.0469,105.6,poco,snapdragon,android,1,Mid-Range
80.0,8.0,2.2,5000.0,1,120.0,6.0,128.0,6.91,60,4,1.0,108.0,16.0,1,256.0,0,0,0,1080,2460,2656800,2.28,388.8,5.0,723.6,0.0469,105.6,infinix,helio,android,1,Mid-Range
81.0,8.0,2.2,5100.0,1,40.0,8.0,256.0,6.67,120,3,1.0,64.0,16.0,0,,1,1,1,1080,2400,2592000,2.22,394.6,4.0,764.6,0.0312,140.8,honor,snapdragon,android,1,Mid-Range
72.0,8.0,2.2,5000.0,1,10.0,6.0,128.0,6.56,90,2,1.0,13.0,8.0,1,1024.0,1,0,0,720,1612,1160640,2.24,269.1,3.0,762.2,0.0469,105.6,oppo,dimensity,android,0,Budget
83.0,8.0,2.85,5000.0,1,80.0,8.0,128.0,6.7,120,3,1.0,50.0,16.0,0,,1,1,0,1080,2412,2604960,2.23,394.4,4.0,746.3,0.0625,182.4,realme,dimensity,android,2,Premium
77.0,8.0,2.4,5000.0,1,18.0,8.0,128.0,6.55,90,2,1.0,50.0,8.0,1,1024.0,0,0,0,720,1612,1160640,2.24,269.5,3.0,763.4,0.0625,153.6,vivo,snapdragon,android,0,Budget
64.0,8.0,2.3,6000.0,0,,3.0,32.0,6.52,60,3,1.0,13.0,5.0,1,256.0,0,0,0,720,1600,1152000,2.22,269.1,4.0,920.2,0.0938,55.2,realme,helio,android,0,Budget
81.0,8.0,2.3,5020.0,1,33.0,6.0,64.0,6.67,120,4,1.0,108.0,16.0,1,512.0,0,0,1,1080,2400,2592000,2.22,394.6,5.0,752.6,0.0938,110.4,xiaomi,snapdragon,android,1,Mid-Range
80.0,8.0,2.5,5000.0,1,33.0,6.0,128.0,6.55,120,2,1.0,50.0,16.0,0,,1,1,0,1080,2400,2592000,2.22,401.8,3.0,763.4,0.0469,120.0,other_brand,snapdragon,android,1,Mid-Range
86.0,8.0,3.2,4800.0,1,150.0,12.0,256.0,6.7,120,3,1.0,50.0,16.0,0,,1,1,0,1080,2412,2604960,2.23,394.4,4.0,716.4,0.0469,307.2,oneplus,snapdragon,android,2,Premium
82.0,8.0,3.2,5000.0,1,80.0,8.0,256.0,6.62,120,3,1.0,64.0,16.0,0,,1,0,0,1080,2400,2592000,2.22,397.6,4.0,755.3,0.0312,204.8,realme,snapdragon,android,1,Mid-Range
,8.0,2.4,5000.0,1,25.0,8.0,256.0,6.7,120,4,1.0,108.0,32.0,1,1024.0,1,1,0,1080,2400,2592000,2.22,392.8,5.0,746.3,0.0312,153.6,samsung,snapdragon,android,2,Premium
,8.0,2.1,4000.0,0,,2.0,16.0,6.2,60,2,1.0,13.0,8.0,1,256.0,0,0,0,720,1520,1094400,2.11,271.3,3.0,645.2,0.125,33.6,realme,helio,android,0,Budget
84.0,8.0,2.4,4000.0,1,33.0,8.0,128.0,6.44,60,3,2.0,64.0,44.0,0,,1,0,0,1080,2400,2592000,2.22,408.7,5.0,621.1,0.0625,153.6,vivo,snapdragon,android,1,Mid-Range
82.0,8.0,3.2,4200.0,1,55.0,6.0,128.0,6.9,120,4,1.0,50.0,16.0,1,,1,1,0,1080,2460,2656800,2.28,389.4,5.0,608.7,0.0469,153.6,other_brand,snapdragon,android,1,Mid-Range
86.0,8.0,2.73,4500.0,1,25.0,8.0,128.0,6.5,120,3,1.0,12.0,32.0,1,1024.0,0,1,0,1080,2400,2592000,2.22,404.9,4.0,692.3,0.0625,174.72,samsung,exynos,android,2,Premium
72.0,8.0,,5000.0,1,,6.0,128.0,6.67,120,4,1.0,64.0,32.0,1,1024.0,1,0,0,1080,2400,2592000,2.22,394.6,5.0,749.6,0.0469,110.4,poco,snapdragon,android,1,Mid-Range
82.0,8.0,3.0,5000.0,1,65.0,6.0,128.0,6.4,120,3,1.0,64.0,32.0,1,256.0,1,0,0,1080,2400,2592000,2.22,411.2,4.0,781.2,0.0469,144.0,realme,snapdragon,android,1,Mid-Range
85.0,8.0,3.2,4500.0,1,67.0,8.0,128.0,6.67,120,3,1.0,64.0,20.0,0,,1,1,0,1080,2400,2592000,2.22,394.6,4.0,674.7,0.0625,204.8,poco,snapdragon,android,1,Mid-Range
68.0,8.0,1.8,5000.0,1,18.0,4.0,64.0,6.52,90,3,1.0,13.0,8.0,1,256.0,0,0,0,720,1600,1152000,2.22,269.1,4.0,766.9,0.0625,57.6,oneplus,snapdragon,android,1,Mid-Range
86.0,8.0,2.6,4300.0,1,210.0,8.0,256.0,6.67,120,3,1.0,200.0,16.0,0,,1,1,1,1080,2400,2592000,2.22,394.6,4.0,644.7,0.0312,166.4,xiaomi,dimensity,android,1,Mid-Range
69.0,8.0,2.35,3520.0,1,,4.0,128.0,6.0,60,1,1.0,12.2,8.0,0,,0,1,0,1440,2880,4147200,2.0,536.7,2.0,586.7,0.0312,75.2,google,snapdragon,android,1,Mid-Range
75.0,8.0,2.0,5000.0,1,18.0,4.0,64.0,6.49,90,3,1.0,13.0,16.0,1,,1,1,0,1080,2400,2592000,2.22,405.5,4.0,770.4,0.0625,64.0,oneplus,snapdragon,android,1,Mid-Range
89.0,8.0,3.2,4700.0,1,200.0,8.0,256.0,6.78,144,3,1.0,50.0,16.0,0,,1,1,1,1440,3200,4608000,2.22,517.6,4.0,693.2,0.0312,204.8,iqoo,snapdragon,android,3,Flagship
86.0,8.0,3.0,4500.0,1,150.0,8.0,128.0,6.67,120,3,1.0,64.0,20.0,0,,1,1,1,1080,2412,2604960,2.23,396.2,4.0,674.7,0.0625,192.0,poco,dimensity,android,2,Premium
83.0,8.0,2.4,4300.0,1,66.0,8.0,128.0,6.57,120,4,1.0,50.0,32.0,0,,0,1,0,1080,2340,2527200,2.17,392.3,5.0,654.5,0.0625,153.6,huawei,snapdragon,other_os,1,Mid-Range
88.0,8.0,2.84,4780.0,1,30.0,8.0,256.0,6.67,90,4,1.0,108.0,20.0,0,,1,1,1,1080,2340,2527200,2.17,386.4,5.0,716.6,0.0312,181.76,xiaomi,snapdragon,android,3,Flagship
78.0,8.0,2.2,5000.0,1,18.0,4.0,128.0,6.58,120,3,1.0,50.0,16.0,1,1024.0,1,0,0,1080,2408,2600640,2.23,401.1,4.0,759.9,0.0312,70.4,iqoo,snapdragon,android,1,Mid-Range
75.0,8.0,2.4,5000.0,1,33.0,4.0,64.0,6.6,90,3,1.0,50.0,16.0,1,1024.0,0,0,0,1080,2412,2604960,2.23,400.4,4.0,757.6,0.0625,76.8,realme,snapdragon,android,0,Budget
77.0,8.0,1.8,4000.0,1,15.0,6.0,64.0,6.4,60,3,1.0,48.0,16.0,1,1024.0,0,0,0,1080,2408,2600640,2.23,412.4,4.0,625.0,0.0938,86.4,samsung,exynos,android,1,Mid-Range
82.0,8.0,2.2,4500.0,1,33.0,8.0,256.0,6.43,60,2,1.0,48.0,16.0,1,,1,0,0,1080,2400,2592000,2.22,409.3,3.0,699.8,0.0312,140.8,oppo,snapdragon,android,1,Mid-Range
77.0,8.0,2.3,5020.0,1,18.0,4.0,128.0,6.67,60,4,1.0,48.0,16.0,1,512.0,0,0,1,1080,2400,2592000,2.22,394.6,5.0,752.6,0.0312,73.6,xiaomi,snapdragon,android,0,Budget
87.0,8.0,2.2,5000.0,1,66.0,8.0,256.0,6.67,120,3,1.0,108.0,16.0,1,1024.0,1,1,0,1080,2400,2592000,2.22,394.6,4.0,749.6,0.0312,140.8,oppo,snapdragon,android,1,Mid-Range
84.0,8.0,2.84,4000.0,1,66.0,8.0,128.0,6.62,120,3,1.0,48.0,16.0,0,,1,1,0,1080,2400,2592000,2.22,397.6,4.0,604.2,0.0625,181.76,iqoo,snapdragon,android,2,Premium
66.0,8.0,2.3,4230.0,0,,4.0,64.0,6.52,60,1,1.0,13.0,5.0,1,256.0,0,0,0,720,1600,1152000,2.22,269.1,2.0,648.8,0.0625,73.6,oppo,helio,android,0,Budget
63.0,8.0,,5000.0,1,22.0,4.0,64.0,6.52,60,3,1.0,50.0,5.0,1,,0,0,0,720,1600,1152000,2.22,269.1,4.0,766.9,0.0625,73.6,huawei,other_proc,other_os,1,Mid-Range
82.0,8.0,2.05,4050.0,1,44.0,8.0,128.0,6.44,60,3,1.0,64.0,50.0,0,,0,0,0,1080,2400,2592000,2.22,408.7,4.0,628.9,0.0625,131.2,vivo,helio,android,1,Mid-Range
89.0,8.0,2.73,4300.0,1,45.0,12.0,256.0,6.8,60,4,1.0,12.0,10.0,1,1024.0,0,1,0,1440,3040,4377600,2.11,494.7,5.0,632.4,0.0469,262.08,samsung,exynos,android,3,Flagship
74.0,8.0,2.0,5000.0,1,18.0,4.0,64.0,6.6,90,3,1.0,48.0,32.0,1,,0,0,0,1080,2460,2656800,2.28,407.1,4.0,757.6,0.0625,64.0,tecno,helio,android,0,Budget
83.0,8.0,2.3,4500.0,1,25.0,6.0,128.0,6.5,90,4,1.0,64.0,32.0,1,1024.0,0,0,0,1080,2400,2592000,2.22,404.9,5.0,692.3,0.0469,110.4,samsung,snapdragon,android,1,Mid-Range
75.0,8.0,2.0,5000.0,1,18.0,4.0,128.0,6.8,90,3,1.0,48.0,16.0,0,,0,1,0,1080,2460,2656800,2.28,395.1,4.0,735.3,0.0312,64.0,tecno,helio,android,0,Budget
84.0,8.0,2.4,6000.0,1,25.0,8.0,128.0,6.6,120,4,1.0,50.0,8.0,1,1024.0,1,1,0,1080,2400,2592000,2.22,398.8,5.0,909.1,0.0625,153.6,samsung,exynos,android,1,Mid-Range
79.0,8.0,2.2,5000.0,1,33.0,8.0,128.0,6.56,90,2,1.0,50.0,8.0,1,,1,1,0,720,1612,1160640,2.24,269.1,3.0,762.2,0.0625,140.8,oppo,dimensity,android,1,Mid-Range
77.0,8.0,2.0,5000.0,1,18.0,6.0,128.0,6.5,90,3,1.0,48.0,8.0,1,,1,0,0,1080,2400,2592000,2.22,404.9,4.0,769.2,0.0469,96.0,oppo,snapdragon,android,1,Mid-Range
85.0,8.0,2.5,4500.0,1,33.0,8.0,128.0,6.55,120,2,1.0,50.0,16.0,0,,1,1,0,1080,2400,2592000,2.22,401.8,3.0,687.0,0.0625,160.0,other_brand,snapdragon,android,1,Mid-Range
85.0,8.0,3.0,4300.0,1,44.0,8.0,128.0,6.56,90,3,2.0,108.0,50.0,0,,1,0,0,1080,2376,2566080,2.2,397.9,5.0,655.5,0.0625,192.0,vivo,dimensity,android,2,Premium
70.0,8.0,2.0,5000.0,0,,4.0,64.0,6.71,60,2,1.0,50.0,5.0,1,512.0,0,0,0,720,1650,1188000,2.29,268.3,3.0,745.2,0.0625,64.0,poco,helio,android,0,Budget
82.0,8.0,2.4,4080.0,1,18.0,8.0,128.0,6.0,90,2,1.0,16.0,8.0,0,,1,1,0,1080,2340,2527200,2.17,429.5,3.0,680.0,0.0625,153.6,google,snapdragon,android,2,Premium
76.0,8.0,2.3,5000.0,1,33.0,4.0,64.0,6.67,60,4,1.0,48.0,16.0,1,512.0,0,0,1,1080,2400,2592000,2.22,394.6,5.0,749.6,0.0625,73.6,poco,snapdragon,android,0,Budget
61.0,8.0,1.6,5000.0,0,,2.0,32.0,6.52,60,1,1.0,8.0,5.0,1,,0,0,0,720,1600,1152000,2.22,269.1,2.0,766.9,0.0625,25.6,realme,other_proc,android,0,Budget
,8.0,2.8,5003.0,1,30.0,12.0,256.0,6.71,120,3,1.0,50.0,11.1,0,,1,1,0,1440,3120,4492800,2.17,512.1,4.0,745.6,0.0469,268.8,google,google,android,3,Flagship
86.0,8.0,2.4,4000.0,1,33.0,8.0,128.0,6.44,90,3,1.0,64.0,44.0,1,,1,1,0,1080,2400,2592000,2.22,408.7,4.0,621.1,0.0625,153.6,vivo,dimensity,android,1,Mid-Range
65.0,8.0,2.3,5000.0,0,,3.0,32.0,6.53,60,3,1.0,13.0,5.0,1,512.0,0,0,0,720,1600,1152000,2.22,268.7,4.0,765.7,0.0938,55.2,poco,helio,android,0,Budget
72.0,8.0,2.0,5000.0,1,15.0,4.0,128.0,6.5,90,3,1.0,50.0,5.0,1,1024.0,0,0,0,720,1600,1152000,2.22,269.9,4.0,769.2,0.0312,64.0,samsung,exynos,android,0,Budget
,8.0,1.6,3000.0,0,,2.0,16.0,5.45,60,1,1.0,5.0,5.0,1,256.0,0,0,0,720,1440,1036800,2.0,295.4,2.0,550.5,0.125,25.6,nokia,unisoc,android,0,Budget
75.0,8.0,2.0,5020.0,1,22.0,4.0,64.0,6.53,60,4,1.0,48.0,13.0,1,512.0,0,0,1,1080,2340,2527200,2.17,394.7,5.0,768.8,0.0625,64.0,xiaomi,helio,android,0,Budget
79.0,8.0,2.6,5000.0,1,67.0,6.0,128.0,6.67,120,3,1.0,50.0,16.0,0,,1,0,1,1080,2400,2592000,2.22,394.6,4.0,749.6,0.0469,124.8,xiaomi,dimensity,android,1,Mid-Range
83.0,8.0,3.0,5000.0,1,68.0,8.0,128.0,6.67,120,3,1.0,64.0,16.0,0,,1,0,0,1080,2460,2656800,2.28,402.8,4.0,749.6,0.0625,192.0,motorola,snapdragon,android,2,Premium
,4.0,2.0,5000.0,1,10.0,2.0,32.0,6.52,60,2,1.0,8.0,5.0,1,512.0,0,0,0,720,1600,1152000,2.22,269.1,3.0,766.9,0.0625,16.0,xiaomi,helio,android,0,Budget
84.0,8.0,3.2,6000.0,1,80.0,8.0,128.0,6.8,120,3,1.0,50.0,16.0,0,,1,1,0,1116,2480,2767680,2.22,399.9,4.0,882.4,0.0625,204.8,nubia,snapdragon,android,2,Premium
83.0,8.0,2.2,5000.0,1,67.0,6.0,128.0,6.7,120,3,1.0,108.0,16.0,1,1024.0,1,1,0,1080,2412,2604960,2.23,394.4,4.0,746.3,0.0469,105.6,oneplus,snapdragon,android,1,Mid-Range
87.0,8.0,3.2,4800.0,1,150.0,16.0,256.0,6.7,120,3,1.0,50.0,16.0,0,,1,1,0,1080,2412,2604960,2.23,394.4,4.0,716.4,0.0625,409.6,oneplus,snapdragon,android,3,Flagship
76.0,8.0,2.2,5000.0,1,33.0,6.0,128.0,6.56,90,2,1.0,50.0,8.0,1,1024.0,1,0,0,720,1612,1160640,2.24,269.1,3.0,762.2,0.0469,105.6,oppo,dimensity,android,1,Mid-Range
76.0,8.0,2.0,6000.0,1,15.0,4.0,64.0,6.4,90,4,1.0,64.0,20.0,1,1024.0,0,0,0,1080,2400,2592000,2.22,411.2,5.0,937.5,0.0625,64.0,samsung,helio,android,0,Budget
75.0,8.0,2.0,5000.0,1,18.0,6.0,128.0,6.55,60,2,1.0,50.0,8.0,1,1024.0,0,0,0,720,1612,1160640,2.24,269.5,3.0,763.4,0.0469,96.0,vivo,helio,android,1,Mid-Range
83.0,8.0,2.2,4700.0,1,67.0,8.0,256.0,6.56,120,3,1.0,64.0,50.0,1,,1,0,0,1080,2400,2592000,2.22,401.2,4.0,716.5,0.0312,140.8,vivo,dimensity,android,1,Mid-Range
86.0,8.0,2.85,4500.0,1,67.0,16.0,256.0,6.7,120,2,1.0,50.0,32.0,0,,1,1,0,1080,2412,2604960,2.23,394.4,3.0,671.6,0.0625,364.8,oppo,dimensity,android,2,Premium
72.0,8.0,2.3,6000.0,1,18.0,4.0,64.0,6.82,90,3,1.0,50.0,8.0,1,512.0,0,0,0,720,1640,1180800,2.28,262.6,4.0,879.8,0.0625,73.6,infinix,helio,android,0,Budget
,8.0,2.36,5000.0,1,33.0,8.0,128.0,6.7,120,4,1.0,108.0,32.0,1,1024.0,1,1,0,1080,2412,2604960,2.23,394.4,5.0,746.3,0.0625,151.04,samsung,snapdragon,android,2,Premium
,4.0,1.3,4000.0,0,,1.0,16.0,6.0,60,2,1.0,8.0,5.0,1,32.0,0,0,0,720,1600,1152000,2.22,292.4,3.0,666.7,0.0625,5.2,itel,other_proc,android,0,Budget
61.0,4.0,1.3,5000.0,0,,4.0,64.0,6.82,60,1,1.0,20.0,13.0,1,64.0,0,0,0,720,1560,1123200,2.17,251.9,2.0,733.1,0.0625,20.8,other_brand,other_proc,android,0,Budget
83.0,8.0,2.2,5000.0,1,33.0,8.0,128.0,6.59,120,3,1.0,64.0,16.0,1,,1,1,0,1080,2412,2604960,2.23,401.0,4.0,758.7,0.0625,140.8,oneplus,snapdragon,android,1,Mid-Range
73.0,6.0,2.65,3110.0,0,,4.0,64.0,6.1,60,2,1.0,12.0,12.0,0,,0,1,0,828,1792,1483776,2.16,323.6,3.0,509.8,0.0625,63.6,apple,bionic,ios,2,Premium
89.0,8.0,3.2,4500.0,1,67.0,8.0,128.0,6.36,120,3,1.0,50.0,32.0,0,,1,1,1,1080,2400,2592000,2.22,413.8,4.0,707.5,0.0625,204.8,xiaomi,snapdragon,android,2,Premium
85.0,8.0,2.4,4500.0,1,67.0,8.0,128.0,6.55,120,3,2.0,50.0,32.0,0,,1,1,1,1080,2400,2592000,2.22,401.8,5.0,687.0,0.0625,153.6,xiaomi,snapdragon,android,1,Mid-Range
82.0,8.0,2.0,4470.0,1,18.0,6.0,128.0,6.67,60,4,1.0,48.0,16.0,1,1024.0,1,1,0,1080,2400,2592000,2.22,394.6,5.0,670.2,0.0469,96.0,nokia,snapdragon,android,1,Mid-Range
89.0,8.0,2.84,5000.0,1,18.0,12.0,256.0,6.7,90,3,1.0,108.0,25.0,0,,1,1,0,1080,2340,2527200,2.17,384.7,4.0,746.3,0.0469,272.64,motorola,snapdragon,android,3,Flagship
86.0,8.0,3.05,4500.0,1,80.0,8.0,128.0,6.78,120,3,1.0,50.0,32.0,0,,1,0,0,1080,2400,2592000,2.22,388.2,4.0,663.7,0.0625,195.2,vivo,dimensity,android,3,Flagship
88.0,8.0,2.5,4800.0,1,66.0,12.0,512.0,6.67,120,3,1.0,54.0,32.0,0,,1,1,0,1080,2400,2592000,2.22,394.6,4.0,719.6,0.0234,240.0,honor,snapdragon,android,2,Premium
77.0,8.0,2.4,6000.0,1,18.0,8.0,128.0,6.7,60,2,1.0,50.0,5.0,1,,0,0,1,720,1650,1188000,2.29,268.7,3.0,895.5,0.0625,153.6,xiaomi,snapdragon,android,0,Budget
,8.0,3.2,5000.0,1,67.0,8.0,256.0,7.1,120,2,1.0,50.0,,0,,1,1,0,1792,1920,3440640,1.07,369.9,3.0,704.2,0.0312,204.8,oppo,snapdragon,other_os,3,Flagship
,8.0,3.2,4610.0,1,125.0,12.0,256.0,6.67,144,3,1.0,200.0,60.0,0,,1,1,0,1080,2400,2592000,2.22,394.6,4.0,691.2,0.0469,307.2,motorola,snapdragon,android,3,Flagship
74.0,8.0,2.0,5000.0,1,33.0,4.0,64.0,6.7,60,3,1.0,50.0,16.0,1,512.0,0,0,0,1080,2400,2592000,2.22,392.8,4.0,746.3,0.0625,64.0,infinix,helio,android,0,Budget
67.0,8.0,2.3,5000.0,0,,3.0,64.0,6.51,60,2,1.0,13.0,8.0,1,1024.0,0,0,0,720,1600,1152000,2.22,269.5,3.0,768.0,0.0469,55.2,vivo,helio,android,0,Budget
82.0,8.0,2.4,4500.0,1,33.0,8.0,128.0,6.5,90,3,1.0,64.0,32.0,1,256.0,0,0,0,1080,2400,2592000,2.22,404.9,4.0,692.3,0.0625,153.6,oppo,snapdragon,android,1,Mid-Range
88.0,8.0,2.9,4800.0,1,25.0,8.0,128.0,6.7,120,3,1.0,64.0,10.0,0,,1,1,0,1080,2400,2592000,2.22,392.8,4.0,716.4,0.0625,185.6,samsung,exynos,android,3,Flagship
76.0,8.0,2.2,4500.0,1,80.0,6.0,128.0,6.64,120,2,1.0,50.0,8.0,1,1024.0,1,0,0,1080,2388,2579040,2.21,394.7,3.0,677.7,0.0469,105.6,vivo,dimensity,android,1,Mid-Range
80.0,8.0,2.2,4200.0,1,55.0,8.0,128.0,6.67,120,3,1.0,50.0,16.0,0,,1,0,0,1080,2400,2592000,2.22,394.6,4.0,629.7,0.0625,140.8,iqoo,snapdragon,android,1,Mid-Range
68.0,8.0,1.8,5000.0,0,,6.0,64.0,6.52,60,2,1.0,13.0,5.0,1,256.0,0,0,0,720,1600,1152000,2.22,269.1,3.0,766.9,0.0938,86.4,other_brand,unisoc,android,0,Budget
60.0,8.0,1.8,5000.0,0,,3.0,32.0,6.52,60,1,1.0,8.0,5.0,1,256.0,0,0,0,720,1600,1152000,2.22,269.1,2.0,766.9,0.0938,43.2,other_brand,tiger,android,0,Budget
69.0,8.0,2.4,5000.0,1,18.0,3.0,64.0,6.51,60,2,1.0,13.0,8.0,1,1024.0,0,0,0,720,1600,1152000,2.22,269.5,3.0,768.0,0.0469,57.6,vivo,snapdragon,android,0,Budget
69.0,8.0,2.0,5000.0,1,18.0,4.0,128.0,6.5,60,3,1.0,13.0,8.0,0,,1,0,0,720,1600,1152000,2.22,269.9,4.0,769.2,0.0312,64.0,realme,dimensity,android,0,Budget
85.0,8.0,2.9,5000.0,1,33.0,6.0,128.0,6.8,144,3,1.0,108.0,16.0,0,,1,0,0,1080,2460,2656800,2.28,395.1,4.0,735.3,0.0469,139.2,motorola,snapdragon,android,1,Mid-Range
88.0,8.0,2.8,4000.0,1,27.0,8.0,256.0,6.39,60,3,1.0,48.0,20.0,0,,0,1,0,1080,2340,2527200,2.17,403.3,4.0,626.0,0.0312,179.2,xiaomi,snapdragon,android,3,Flagship
81.0,8.0,2.05,5000.0,1,33.0,6.0,128.0,6.43,90,4,1.0,108.0,16.0,1,512.0,0,0,1,1080,2400,2592000,2.22,409.3,5.0,777.6,0.0469,98.4,xiaomi,helio,android,1,Mid-Range
78.0,8.0,2.4,5000.0,1,33.0,6.0,128.0,6.59,90,3,1.0,50.0,16.0,1,1024.0,0,0,0,1080,2412,2604960,2.23,401.0,4.0,758.7,0.0469,115.2,oppo,snapdragon,android,0,Budget
76.0,8.0,2.0,5000.0,1,33.0,4.0,128.0,6.67,120,3,1.0,48.0,13.0,1,1024.0,1,0,1,1080,2400,2592000,2.22,394.6,4.0,749.6,0.0312,64.0,xiaomi,snapdragon,android,1,Mid-Range
67.0,8.0,2.3,5180.0,1,10.0,4.0,64.0,6.1,60,2,1.0,13.0,8.0,1,,1,1,0,720,1560,1123200,2.17,281.7,3.0,849.2,0.0625,73.6,other_brand,helio,android,0,Budget
62.0,8.0,1.6,5050.0,1,10.0,3.0,32.0,6.74,60,3,1.0,13.0,5.0,1,256.0,0,0,0,720,1600,1152000,2.22,260.3,4.0,749.3,0.0938,38.4,nokia,unisoc,android,0,Budget
76.0,8.0,2.4,5000.0,1,33.0,4.0,64.0,6.6,90,2,1.0,50.0,16.0,1,1024.0,1,0,1,1080,2400,2592000,2.22,398.8,3.0,757.6,0.0625,76.8,poco,dimensity,android,0,Budget
68.0,8.0,2.2,5000.0,0,,4.0,128.0,6.5,60,1,1.0,13.0,5.0,1,,1,0,0,720,1600,1152000,2.22,269.9,2.0,769.2,0.0312,70.4,honor,snapdragon,android,0,Budget
81.0,8.0,2.2,5000.0,1,67.0,6.0,64.0,6.67,120,3,1.0,108.0,16.0,1,,1,0,1,1080,2400,2592000,2.22,394.6,4.0,749.6,0.0938,105.6,xiaomi,snapdragon,android,1,Mid-Range
86.0,8.0,3.2,5000.0,1,67.0,8.0,128.0,6.73,120,3,1.0,50.0,20.0,0,,1,1,1,1440,3200,4608000,2.22,521.4,4.0,742.9,0.0625,204.8,xiaomi,snapdragon,android,3,Flagship
64.0,8.0,1.6,5050.0,0,,4.0,64.0,6.52,60,2,1.0,13.0,5.0,1,,0,0,0,720,1600,1152000,2.22,269.1,3.0,774.5,0.0625,51.2,nokia,unisoc,android,0,Budget
80.0,8.0,2.2,5000.0,1,25.0,6.0,128.0,6.6,120,3,1.0,50.0,8.0,1,1024.0,1,1,0,1080,2408,2600640,2.23,399.9,4.0,757.6,0.0469,105.6,samsung,snapdragon,android,1,Mid-Range
70.0,,,3500.0,1,,6.0,128.0,5.42,60,2,1.0,12.0,12.0,0,,0,1,0,1080,2340,2527200,2.17,475.5,3.0,645.8,0.0469,110.4,apple,bionic,ios,3,Flagship
84.0,8.0,3.2,5000.0,1,100.0,8.0,128.0,6.7,120,3,1.0,50.0,16.0,0,,1,1,0,1080,2412,2604960,2.23,394.4,4.0,746.3,0.0625,204.8,oneplus,snapdragon,android,2,Premium
81.0,8.0,2.7,4100.0,1,15.0,8.0,128.0,6.4,60,3,2.0,16.0,10.0,1,512.0,0,1,0,1440,3040,4377600,2.11,525.6,5.0,640.6,0.0625,172.8,samsung,exynos,android,2,Premium
74.0,8.0,2.0,5000.0,1,18.0,6.0,64.0,6.6,90,2,1.0,50.0,8.0,1,256.0,0,0,0,720,1612,1160640,2.24,267.5,3.0,757.6,0.0938,96.0,infinix,tiger,android,0,Budget
69.0,8.0,2.2,5000.0,1,18.0,4.0,128.0,6.58,90,2,1.0,50.0,5.0,0,,1,0,1,1080,2408,2600640,2.23,401.1,3.0,759.9,0.0312,70.4,xiaomi,dimensity,android,0,Budget
84.0,8.0,3.1,4200.0,1,120.0,8.0,128.0,6.43,90,3,1.0,50.0,32.0,0,,1,1,0,1080,2400,2592000,2.22,409.3,4.0,653.2,0.0625,198.4,oneplus,dimensity,android,1,Mid-Range
61.0,8.0,2.0,5000.0,0,,2.0,32.0,6.53,60,1,1.0,13.0,5.0,1,512.0,0,0,0,720,1600,1152000,2.22,268.7,2.0,765.7,0.0625,32.0,xiaomi,helio,android,0,Budget
,4.0,1.4,3020.0,0,,2.0,32.0,5.0,60,1,1.0,2.0,0.3,1,,0,0,0,480,854,409920,1.78,195.9,2.0,604.0,0.0625,11.2,itel,unisoc,android,0,Budget
87.0,8.0,3.0,3700.0,1,25.0,8.0,256.0,6.1,120,3,1.0,50.0,10.0,0,,1,1,0,1080,2340,2527200,2.17,422.5,4.0,606.6,0.0312,192.0,samsung,snapdragon,android,3,Flagship
82.0,8.0,2.6,5000.0,1,67.0,8.0,256.0,6.67,120,3,1.0,50.0,16.0,0,,1,0,1,1080,2400,2592000,2.22,394.6,4.0,749.6,0.0312,166.4,xiaomi,dimensity,android,1,Mid-Range
86.0,8.0,2.7,4700.0,1,80.0,8.0,256.0,6.67,120,3,1.0,64.0,32.0,1,1024.0,1,0,0,1080,2408,2600640,2.23,395.7,4.0,704.6,0.0312,172.8,vivo,snapdragon,android,2,Premium
75.0,8.0,2.0,4000.0,1,18.0,4.0,64.0,6.3,60,4,1.0,48.0,13.0,1,,0,0,1,1080,2340,2527200,2.17,409.1,5.0,634.9,0.0625,64.0,xiaomi,helio,android,0,Budget
68.0,8.0,2.3,5000.0,0,,4.0,64.0,6.53,60,3,1.0,13.0,5.0,1,512.0,0,0,0,720,1600,1152000,2.22,268.7,4.0,765.7,0.0625,73.6,poco,helio,android,0,Budget
80.0,8.0,2.3,6000.0,1,33.0,6.0,64.0,6.67,120,4,1.0,64.0,20.0,1,512.0,0,0,1,1080,2400,2592000,2.22,394.6,5.0,899.6,0.0938,110.4,poco,snapdragon,android,0,Budget
84.0,8.0,2.4,4500.0,1,66.0,8.0,256.0,6.67,90,3,1.0,108.0,16.0,1,,0,1,0,1080,2160,2332800,2.0,362.1,4.0,674.7,0.0312,153.6,huawei,snapdragon,android,1,Mid-Range
75.0,8.0,2.2,5000.0,1,15.0,6.0,128.0,6.5,90,2,1.0,50.0,5.0,1,1024.0,1,0,0,720,1600,1152000,2.22,269.9,3.0,769.2,0.0469,105.6,samsung,dimensity,android,0,Budget
82.0,8.0,2.4,5000.0,1,30.0,8.0,128.0,6.6,144,3,1.0,48.0,16.0,1,1024.0,1,0,0,1080,2412,2604960,2.23,400.4,4.0,757.6,0.0625,153.6,realme,snapdragon,android,1,Mid-Range
81.0,8.0,2.2,5000.0,1,,6.0,128.0,6.55,120,3,1.0,50.0,16.0,1,1024.0,1,0,0,1080,2400,2592000,2.22,401.8,4.0,763.4,0.0469,105.6,motorola,snapdragon,android,0,Budget
77.0,8.0,2.3,6000.0,1,20.0,4.0,64.0,6.78,120,3,1.0,64.0,16.0,1,256.0,0,0,0,1080,2460,2656800,2.28,396.3,4.0,885.0,0.0625,73.6,motorola,snapdragon,android,0,Budget
75.0,,,,0,,8.0,128.0,6.06,120,3,1.0,50.0,12.0,0,,1,1,0,1170,2532,2962440,2.16,460.3,4.0,825.1,0.0625,147.2,apple,bionic,ios,3,Flagship
78.0,8.0,2.4,4620.0,1,18.0,6.0,128.0,6.34,60,2,1.0,16.0,8.0,0,,1,1,0,1080,2400,2592000,2.22,415.1,3.0,728.7,0.0469,115.2,google,snapdragon,android,2,Premium
80.0,8.0,2.4,5000.0,1,44.0,8.0,128.0,6.58,90,3,1.0,50.0,16.0,1,1024.0,0,0,0,1080,2408,2600640,2.23,401.1,4.0,759.9,0.0625,153.6,vivo,snapdragon,android,1,Mid-Range
81.0,8.0,2.4,5000.0,1,18.0,8.0,128.0,6.58,90,3,1.0,50.0,16.0,1,1024.0,0,0,0,1080,2408,2600640,2.23,401.1,4.0,759.9,0.0625,153.6,vivo,snapdragon,android,1,Mid-Range
,4.0,1.5,3000.0,0,,1.0,16.0,5.3,60,1,1.0,8.0,5.0,1,,0,0,0,720,1480,1065600,2.06,310.5,2.0,566.0,0.0625,6.0,samsung,other_proc,android,0,Budget
79.0,8.0,2.0,6000.0,1,15.0,6.0,128.0,6.4,90,4,1.0,64.0,20.0,1,1024.0,0,0,0,1080,2400,2592000,2.22,411.2,5.0,937.5,0.0469,96.0,samsung,helio,android,0,Budget
82.0,8.0,2.4,5000.0,1,25.0,8.0,128.0,6.6,60,4,1.0,50.0,8.0,1,1024.0,0,0,0,1080,2408,2600640,2.23,399.9,5.0,757.6,0.0625,153.6,samsung,snapdragon,android,1,Mid-Range
62.0,8.0,2.5,3200.0,0,,3.0,32.0,6.0,60,1,1.0,13.0,16.0,1,,0,0,0,1080,2160,2332800,2.0,402.5,2.0,533.3,0.0938,60.0,oppo,helio,android,1,Mid-Range
66.0,8.0,2.3,5000.0,0,,4.0,64.0,6.5,60,3,1.0,13.0,8.0,1,256.0,0,0,0,720,1600,1152000,2.22,269.9,4.0,769.2,0.0625,73.6,other_brand,helio,android,0,Budget
,8.0,1.82,5000.0,0,,2.0,32.0,6.5,60,1,1.0,8.0,5.0,1,1024.0,0,0,0,720,1600,1152000,2.22,269.9,2.0,769.2,0.0625,29.12,realme,tiger,android,0,Budget
75.0,8.0,2.2,5000.0,1,18.0,4.0,64.0,6.5,90,3,1.0,48.0,8.0,1,1024.0,1,0,1,1080,2400,2592000,2.22,404.9,4.0,769.2,0.0625,70.4,poco,dimensity,android,1,Mid-Range
84.0,8.0,2.0,21000.0,1,33.0,8.0,256.0,6.78,60,3,1.0,64.0,16.0,1,,0,1,0,1080,2400,2592000,2.22,388.2,4.0,3097.3,0.0312,128.0,other_brand,helio,android,1,Mid-Range
79.0,8.0,2.0,5000.0,1,33.0,6.0,128.0,6.43,60,3,1.0,48.0,16.0,1,256.0,0,0,0,1080,2400,2592000,2.22,409.3,4.0,777.6,0.0469,96.0,oppo,snapdragon,android,1,Mid-Range
80.0,8.0,2.2,5000.0,1,67.0,6.0,64.0,6.67,120,3,1.0,64.0,16.0,1,1024.0,1,0,1,1080,2400,2592000,2.22,394.6,4.0,749.6,0.0938,105.6,poco,snapdragon,android,0,Budget
80.0,8.0,2.4,5000.0,1,33.0,6.0,128.0,6.5,90,3,1.0,64.0,16.0,1,1024.0,1,0,0,1080,2400,2592000,2.22,404.9,4.0,769.2,0.0469,115.2,realme,dimensity,android,1,Mid-Range
77.0,8.0,2.2,5000.0,1,18.0,4.0,128.0,6.58,60,3,1.0,50.0,8.0,1,,1,1,0,1080,2408,2600640,2.23,401.1,4.0,759.9,0.0312,70.4,vivo,dimensity,android,1,Mid-Range
83.0,8.0,2.2,5000.0,1,33.0,8.0,256.0,6.7,60,3,1.0,108.0,16.0,1,2048.0,0,0,0,1080,2400,2592000,2.22,392.8,4.0,746.3,0.0312,140.8,infinix,helio,android,1,Mid-Range
72.0,8.0,2.3,4230.0,0,,4.0,128.0,6.52,60,3,1.0,13.0,8.0,1,256.0,0,0,0,720,1600,1152000,2.22,269.1,4.0,648.8,0.0312,73.6,oppo,helio,android,0,Budget
83.0,8.0,2.2,4015.0,1,30.0,8.0,128.0,6.43,60,4,2.0,48.0,16.0,1,256.0,0,0,0,1080,2400,2592000,2.22,409.3,6.0,624.4,0.0625,140.8,oppo,helio,android,1,Mid-Range
79.0,8.0,2.4,5000.0,1,25.0,6.0,128.0,6.6,60,4,1.0,50.0,8.0,1,1024.0,0,0,0,1080,2408,2600640,2.23,399.9,5.0,757.6,0.0469,115.2,samsung,snapdragon,android,1,Mid-Range
80.0,8.0,2.0,6000.0,1,15.0,6.0,128.0,6.4,90,4,1.0,64.0,20.0,1,1024.0,0,0,0,1080,2400,2592000,2.22,411.2,5.0,937.5,0.0469,96.0,samsung,helio,android,0,Budget
63.0,8.0,1.8,4000.0,1,15.0,2.0,32.0,6.4,60,3,1.0,13.0,8.0,1,512.0,0,0,0,720,1560,1123200,2.17,268.5,4.0,625.0,0.0625,28.8,samsung,other_proc,android,0,Budget
83.0,8.0,2.85,5000.0,1,,8.0,128.0,6.59,120,3,1.0,64.0,16.0,0,,1,1,0,1080,2412,2604960,2.23,401.0,4.0,758.7,0.0625,182.4,oneplus,dimensity,android,1,Mid-Range
80.0,8.0,2.4,4700.0,1,66.0,8.0,128.0,6.44,90,3,1.0,64.0,16.0,0,,1,0,0,1080,2404,2596320,2.23,409.2,4.0,729.8,0.0625,153.6,iqoo,snapdragon,android,1,Mid-Range
61.0,8.0,2.3,5000.0,1,10.0,3.0,32.0,6.51,60,1,1.0,8.0,5.0,1,,0,0,0,720,1600,1152000,2.22,269.5,2.0,768.0,0.0938,55.2,vivo,helio,android,0,Budget
,8.0,3.2,4400.0,1,25.0,12.0,256.0,7.6,120,3,2.0,50.0,10.0,0,,1,1,0,1812,2176,3942912,1.2,372.6,5.0,578.9,0.0469,307.2,samsung,snapdragon,android,3,Flagship
,8.0,2.84,5000.0,1,,8.0,128.0,6.8,60,3,1.0,64.0,10.0,0,,1,1,0,1080,2460,2656800,2.28,395.1,4.0,735.3,0.0625,181.76,other_brand,snapdragon,android,3,Flagship
84.0,8.0,2.4,5000.0,1,33.0,8.0,128.0,6.7,60,3,1.0,108.0,16.0,1,2048.0,1,0,0,1080,2400,2592000,2.22,392.8,4.0,746.3,0.0625,153.6,infinix,dimensity,android,1,Mid-Range
82.0,8.0,2.05,4050.0,1,44.0,8.0,128.0,6.44,60,3,1.0,50.0,44.0,1,1024.0,0,0,0,1080,2400,2592000,2.22,408.7,4.0,628.9,0.0625,131.2,vivo,helio,android,1,Mid-Range
67.0,8.0,2.0,5000.0,1,10.0,4.0,128.0,6.53,60,1,1.0,13.0,5.0,1,512.0,0,0,0,720,1600,1152000,2.22,268.7,2.0,765.7,0.0312,64.0,xiaomi,helio,android,0,Budget
,8.0,3.0,4600.0,1,120.0,12.0,512.0,6.76,120,4,2.0,50.0,13.0,0,,1,1,0,1344,2772,3725568,2.06,455.7,6.0,680.5,0.0234,288.0,honor,snapdragon,android,3,Flagship
79.0,8.0,2.0,5100.0,1,18.0,6.0,128.0,6.73,120,2,1.0,64.0,16.0,1,1024.0,1,0,1,1080,2408,2600640,2.23,392.1,3.0,757.8,0.0469,96.0,xiaomi,snapdragon,android,1,Mid-Range
,8.0,3.2,4500.0,1,67.0,12.0,256.0,6.71,120,3,1.0,200.0,10.0,1,1024.0,1,1,0,1440,3214,4628160,2.23,524.9,4.0,670.6,0.0469,307.2,samsung,snapdragon,android,3,Flagship
79.0,8.0,3.0,5065.0,1,67.0,6.0,128.0,6.67,120,3,1.0,64.0,16.0,0,,1,0,1,1080,2400,2592000,2.22,394.6,4.0,759.4,0.0469,144.0,poco,dimensity,android,2,Premium
89.0,8.0,3.2,4600.0,1,125.0,8.0,128.0,6.7,165,3,1.0,50.0,60.0,0,,1,1,0,1080,2400,2592000,2.22,392.8,4.0,686.6,0.0625,204.8,motorola,snapdragon,android,2,Premium
75.0,8.0,2.4,5000.0,1,33.0,4.0,64.0,6.56,90,2,1.0,48.0,16.0,1,,1,1,0,720,1612,1160640,2.24,269.1,3.0,762.2,0.0625,76.8,oneplus,dimensity,android,1,Mid-Range
81.0,8.0,2.2,5000.0,1,33.0,6.0,128.0,6.5,120,3,1.0,108.0,16.0,0,,1,1,0,1080,2400,2592000,2.22,404.9,4.0,769.2,0.0469,105.6,motorola,snapdragon,android,1,Mid-Range
75.0,8.0,2.4,5000.0,1,18.0,4.0,64.0,6.6,90,3,1.0,50.0,8.0,1,1024.0,1,0,0,1080,2408,2600640,2.23,399.9,4.0,757.6,0.0625,76.8,realme,dimensity,android,0,Budget
74.0,8.0,1.8,5000.0,1,18.0,6.0,128.0,6.6,90,3,1.0,50.0,8.0,1,1024.0,0,0,0,1080,2408,2600640,2.23,399.9,4.0,757.6,0.0469,86.4,realme,tiger,android,0,Budget
70.0,8.0,2.2,5000.0,1,15.0,4.0,128.0,6.51,60,2,1.0,13.0,5.0,1,1024.0,1,0,0,720,1600,1152000,2.22,269.5,3.0,768.0,0.0312,70.4,vivo,dimensity,android,0,Budget
84.0,8.0,2.3,6000.0,1,20.0,6.0,128.0,6.78,120,3,1.0,108.0,32.0,1,1024.0,0,1,0,1080,2460,2656800,2.28,396.3,4.0,885.0,0.0469,110.4,motorola,snapdragon,android,1,Mid-Range
80.0,8.0,3.0,6000.0,1,44.0,8.0,128.0,6.58,120,2,1.0,50.0,16.0,0,,1,0,0,1080,2408,2600640,2.23,401.1,3.0,911.9,0.0625,192.0,vivo,dimensity,android,1,Mid-Range
87.0,8.0,2.84,4450.0,0,,8.0,128.0,7.8,60,3,1.0,64.0,32.0,0,,1,0,0,1440,1920,2764800,1.33,307.7,4.0,570.5,0.0625,181.76,other_brand,snapdragon,android,3,Flagship
89.0,8.0,3.2,5000.0,1,68.0,8.0,128.0,6.6,144,3,2.0,50.0,32.0,0,,1,1,0,1080,2400,2592000,2.22,398.8,5.0,757.6,0.0625,204.8,motorola,snapdragon,android,2,Premium
83.0,8.0,,5000.0,1,67.0,8.0,128.0,6.7,120,4,1.0,108.0,32.0,1,1024.0,1,1,0,1080,2412,2604960,2.23,394.4,5.0,746.3,0.0625,147.2,samsung,snapdragon,android,2,Premium
,8.0,3.2,4860.0,1,67.0,8.0,256.0,6.73,120,3,1.0,50.0,32.0,0,,1,1,1,1440,3200,4608000,2.22,521.4,4.0,722.1,0.0312,204.8,xiaomi,snapdragon,android,3,Flagship
61.0,8.0,2.0,5000.0,0,,2.0,32.0,6.53,60,1,1.0,13.0,5.0,1,512.0,0,0,0,720,1600,1152000,2.22,268.7,2.0,765.7,0.0625,32.0,xiaomi,helio,android,0,Budget
70.0,8.0,1.6,5000.0,1,10.0,4.0,64.0,6.52,90,2,1.0,50.0,8.0,1,512.0,0,0,0,720,1600,1152000,2.22,269.1,3.0,766.9,0.0625,51.2,nokia,unisoc,android,0,Budget
77.0,8.0,2.05,5000.0,1,33.0,6.0,64.0,6.43,90,3,1.0,64.0,16.0,1,1024.0,0,0,1,1080,2400,2592000,2.22,409.3,4.0,777.6,0.0938,98.4,poco,helio,android,0,Budget
,8.0,3.13,4400.0,1,66.0,8.0,128.0,6.76,90,3,2.0,50.0,13.0,1,256.0,0,1,1,1344,2772,3725568,2.06,455.7,5.0,650.9,0.0625,200.32,huawei,kirin,other_os,3,Flagship
86.0,8.0,2.84,5000.0,1,33.0,8.0,128.0,6.67,144,3,1.0,108.0,20.0,0,,1,1,1,1080,2400,2592000,2.22,394.6,4.0,749.6,0.0625,181.76,xiaomi,snapdragon,android,1,Mid-Range
,4.0,1.3,1900.0,0,,1.0,16.0,4.5,60,1,1.0,5.0,2.0,1,128.0,0,0,0,480,854,409920,1.78,217.7,2.0,422.2,0.0625,5.2,vivo,helio,android,0,Budget
68.0,8.0,2.0,4000.0,1,10.0,4.0,64.0,6.2,60,3,1.0,13.0,8.0,1,512.0,0,0,0,720,1520,1094400,2.11,271.3,4.0,645.2,0.0625,64.0,motorola,helio,android,0,Budget
88.0,8.0,2.84,3730.0,1,,12.0,256.0,6.5,60,3,1.0,48.0,16.0,1,1024.0,0,1,0,1440,3168,4561920,2.2,535.4,4.0,573.8,0.0469,272.64,other_brand,snapdragon,android,3,Flagship
81.0,8.0,2.5,5000.0,1,33.0,6.0,128.0,6.4,90,3,1.0,48.0,16.0,1,256.0,1,0,0,1080,2400,2592000,2.22,411.2,4.0,781.2,0.0469,120.0,realme,dimensity,android,1,Mid-Range
70.0,8.0,2.3,5000.0,1,10.0,4.0,64.0,6.5,90,2,1.0,16.0,8.0,1,,0,0,0,720,1600,1152000,2.22,269.9,3.0,769.2,0.0625,73.6,motorola,helio,android,0,Budget
82.0,8.0,2.2,4500.0,1,33.0,8.0,128.0,6.5,90,3,1.0,64.0,32.0,1,256.0,1,0,0,1080,2400,2592000,2.22,404.9,4.0,692.3,0.0625,140.8,oppo,snapdragon,android,1,Mid-Range
74.0,8.0,2.0,7000.0,1,33.0,4.0,64.0,6.95,90,3,1.0,50.0,8.0,1,256.0,0,0,0,1080,2460,2656800,2.28,386.6,4.0,1007.2,0.0625,64.0,tecno,helio,android,0,Budget
77.0,8.0,2.0,7000.0,1,33.0,6.0,128.0,6.9,90,3,1.0,50.0,8.0,1,256.0,0,0,0,1080,2460,2656800,2.28,389.4,4.0,1014.5,0.0469,96.0,tecno,helio,android,0,Budget
76.0,8.0,2.4,5000.0,1,33.0,8.0,128.0,6.56,90,2,1.0,50.0,8.0,1,,0,0,0,720,1600,1152000,2.22,267.5,3.0,762.2,0.0625,153.6,oppo,snapdragon,android,1,Mid-Range
78.0,8.0,2.8,2800.0,1,,6.0,64.0,5.7,60,2,2.0,16.0,8.0,0,,0,1,0,1080,2280,2462400,2.11,442.6,4.0,491.2,0.0938,134.4,google,snapdragon,android,1,Mid-Range
86.0,8.0,3.2,5000.0,1,135.0,12.0,256.0,6.8,120,3,1.0,64.0,8.0,0,,1,1,0,1080,2400,2592000,2.22,387.0,4.0,735.3,0.0469,307.2,nubia,snapdragon,android,3,Flagship
76.0,8.0,2.0,5000.0,1,18.0,8.0,128.0,6.6,90,2,1.0,50.0,8.0,1,256.0,0,0,0,720,1612,1160640,2.24,267.5,3.0,757.6,0.0625,128.0,infinix,tiger,android,0,Budget
62.0,8.0,2.0,4030.0,0,,4.0,32.0,6.2,60,2,1.0,13.0,8.0,1,256.0,0,0,0,720,1520,1094400,2.11,271.3,3.0,650.0,0.125,64.0,vivo,helio,android,1,Mid-Range
80.0,8.0,2.4,4000.0,1,18.0,6.0,128.0,6.5,90,4,1.0,64.0,16.0,1,1024.0,1,0,0,1080,2400,2592000,2.22,404.9,5.0,615.4,0.0469,115.2,oppo,snapdragon,android,1,Mid-Range
71.0,8.0,,4410.0,1,,6.0,128.0,6.14,60,2,1.0,12.2,8.0,0,,1,1,0,1080,2400,2592000,2.22,428.6,3.0,718.2,0.0469,110.4,google,google,android,1,Mid-Range
80.0,8.0,2.2,4800.0,1,66.0,8.0,128.0,6.81,60,3,1.0,48.0,16.0,0,,1,1,0,1080,2388,2579040,2.21,384.9,4.0,704.8,0.0625,140.8,honor,snapdragon,android,1,Mid-Range
83.0,8.0,2.6,5000.0,1,67.0,6.0,128.0,6.6,120,3,1.0,64.0,16.0,1,,1,1,1,1080,2400,2592000,2.22,398.8,4.0,757.6,0.0469,124.8,xiaomi,dimensity,android,1,Mid-Range
79.0,6.0,3.22,3240.0,1,,4.0,128.0,6.1,60,2,1.0,12.0,12.0,0,,1,1,0,1170,2532,2962440,2.16,457.3,3.0,531.1,0.0312,77.28,apple,bionic,ios,3,Flagship
81.0,8.0,2.05,5000.0,1,67.0,6.0,128.0,6.67,120,4,1.0,108.0,16.0,1,1024.0,0,0,1,1080,2400,2592000,2.22,394.6,5.0,749.6,0.0469,98.4,xiaomi,helio,android,1,Mid-Range
78.0,8.0,2.2,5000.0,1,18.0,4.0,128.0,6.58,120,3,1.0,50.0,16.0,1,1024.0,1,0,0,1080,2408,2600640,2.23,401.1,4.0,759.9,0.0312,70.4,vivo,snapdragon,android,1,Mid-Range
71.0,8.0,2.4,6000.0,1,18.0,4.0,64.0,6.7,60,2,1.0,50.0,5.0,1,512.0,0,0,0,720,1600,1152000,2.22,261.9,3.0,895.5,0.0625,76.8,xiaomi,snapdragon,android,0,Budget
84.0,8.0,2.2,4800.0,1,33.0,8.0,128.0,6.58,120,3,1.0,50.0,32.0,1,,1,1,0,1080,2400,2592000,2.22,400.0,4.0,729.5,0.0625,140.8,oppo,snapdragon,android,1,Mid-Range
73.0,8.0,2.3,4000.0,1,,4.0,64.0,6.2,60,3,1.0,13.0,8.0,1,512.0,0,1,0,720,1680,1209600,2.33,294.8,4.0,645.2,0.0625,73.6,sony,helio,android,1,Mid-Range
82.0,8.0,2.0,4100.0,1,33.0,8.0,128.0,6.44,60,3,1.0,48.0,32.0,1,,0,0,0,1080,2400,2592000,2.22,408.7,4.0,636.6,0.0625,128.0,vivo,snapdragon,android,1,Mid-Range
78.0,8.0,2.2,5000.0,1,18.0,4.0,128.0,6.58,60,3,1.0,50.0,8.0,1,,1,1,0,1080,2408,2600640,2.23,401.1,4.0,759.9,0.0312,70.4,vivo,dimensity,android,1,Mid-Range
79.0,8.0,2.2,5000.0,1,33.0,6.0,128.0,6.83,120,3,1.0,50.0,16.0,0,,1,1,0,1080,2460,2656800,2.28,393.4,4.0,732.1,0.0469,105.6,tecno,dimensity,android,1,Mid-Range
82.0,8.0,2.2,5000.0,1,15.0,8.0,128.0,6.6,90,3,1.0,64.0,8.0,1,1024.0,1,0,0,1080,2408,2600640,2.23,399.9,4.0,757.6,0.0625,140.8,samsung,dimensity,android,1,Mid-Range
80.0,6.0,3.1,,0,,6.0,512.0,6.1,60,3,1.0,12.0,12.0,0,,1,1,0,1170,2532,2962440,2.16,457.3,4.0,819.7,0.0117,111.6,apple,bionic,ios,3,Flagship
80.0,8.0,2.2,5000.0,1,18.0,8.0,128.0,6.5,90,3,1.0,48.0,16.0,1,1024.0,1,0,0,1080,2400,2592000,2.22,404.9,4.0,769.2,0.0625,140.8,realme,dimensity,android,1,Mid-Range
74.0,8.0,2.4,5000.0,1,18.0,4.0,64.0,6.58,90,2,1.0,50.0,8.0,1,,0,0,0,1080,2408,2600640,2.23,401.1,3.0,759.9,0.0625,76.8,vivo,snapdragon,android,0,Budget
69.0,8.0,2.3,5000.0,0,,4.0,128.0,6.5,60,2,1.0,13.0,5.0,1,1024.0,0,0,0,720,1600,1152000,2.22,269.9,3.0,769.2,0.0312,73.6,samsung,helio,android,0,Budget
84.0,8.0,2.9,5050.0,1,30.0,8.0,128.0,6.8,165,3,1.0,64.0,8.0,0,,1,1,0,1080,2400,2592000,2.22,387.0,4.0,742.6,0.0625,185.6,nubia,snapdragon,android,2,Premium
71.0,8.0,2.0,5000.0,1,18.0,6.0,64.0,6.58,90,2,1.0,13.0,8.0,0,,1,0,0,1080,2408,2600640,2.23,401.1,3.0,759.9,0.0938,96.0,vivo,snapdragon,android,0,Budget
84.0,8.0,3.0,4500.0,1,80.0,8.0,128.0,6.43,90,3,1.0,50.0,32.0,0,,1,1,0,1080,2400,2592000,2.22,409.3,4.0,699.8,0.0625,192.0,oneplus,dimensity,android,1,Mid-Range
84.0,8.0,2.4,4050.0,1,44.0,8.0,128.0,6.44,60,3,1.0,50.0,44.0,1,,1,0,0,1080,2400,2592000,2.22,408.7,4.0,628.9,0.0625,153.6,vivo,dimensity,android,1,Mid-Range
80.0,8.0,2.3,4000.0,1,15.0,4.0,128.0,6.4,60,3,1.0,48.0,32.0,1,512.0,0,1,0,1080,2340,2527200,2.17,402.7,4.0,625.0,0.0312,73.6,samsung,exynos,android,1,Mid-Range
80.0,8.0,2.0,5000.0,1,15.0,6.0,128.0,6.4,90,4,1.0,64.0,20.0,1,1024.0,0,0,0,1080,2400,2592000,2.22,411.2,5.0,781.2,0.0469,96.0,samsung,helio,android,1,Mid-Range
66.0,8.0,2.36,3000.0,0,,4.0,64.0,5.84,60,2,1.0,13.0,16.0,1,256.0,0,0,0,1080,2280,2462400,2.11,432.0,3.0,513.7,0.0625,75.52,huawei,kirin,android,0,Budget
71.0,8.0,2.3,5000.0,1,,4.0,64.0,6.5,60,2,1.0,50.0,5.0,1,1024.0,0,0,0,720,1600,1152000,2.22,269.9,3.0,769.2,0.0625,73.6,samsung,helio,android,0,Budget
64.0,8.0,1.82,5000.0,1,10.0,4.0,64.0,6.5,60,1,1.0,8.0,5.0,1,1024.0,0,0,0,720,1600,1152000,2.22,269.9,2.0,769.2,0.0625,58.24,realme,tiger,android,0,Budget
82.0,8.0,2.0,5000.0,1,15.0,8.0,128.0,6.4,90,4,1.0,64.0,20.0,1,1024.0,0,0,0,1080,2400,2592000,2.22,411.2,5.0,781.2,0.0625,128.0,samsung,helio,android,1,Mid-Range
83.0,8.0,2.36,5200.0,1,67.0,6.0,128.0,6.67,120,4,1.0,108.0,32.0,1,512.0,1,0,1,1080,2460,2656800,2.28,402.8,5.0,779.6,0.0469,113.28,xiaomi,snapdragon,android,1,Mid-Range
88.0,8.0,3.2,6000.0,1,65.0,16.0,256.0,6.78,165,3,1.0,50.0,12.0,0,,1,1,0,1080,2448,2643840,2.27,394.6,4.0,885.0,0.0625,409.6,asus,dimensity,android,3,Flagship
79.0,8.0,2.0,5000.0,1,19.0,8.0,128.0,6.58,60,3,1.0,64.0,16.0,1,1024.0,0,0,0,1080,2408,2600640,2.23,401.1,4.0,759.9,0.0625,128.0,vivo,helio,android,1,Mid-Range
86.0,8.0,3.0,4830.0,1,66.0,12.0,256.0,6.56,120,3,1.0,64.0,32.0,0,,1,0,0,1080,2376,2566080,2.2,397.9,4.0,736.3,0.0469,288.0,vivo,dimensity,android,2,Premium
88.0,8.0,3.05,4810.0,1,120.0,8.0,128.0,6.78,120,3,1.0,50.0,32.0,0,,1,1,1,1260,2800,3528000,2.22,452.9,4.0,709.4,0.0625,195.2,vivo,dimensity,android,2,Premium
77.0,8.0,2.0,6000.0,1,44.0,8.0,128.0,6.58,60,2,1.0,50.0,8.0,0,,1,0,0,1080,2408,2600640,2.23,401.1,3.0,911.9,0.0625,128.0,vivo,dimensity,android,1,Mid-Range
89.0,8.0,3.2,4800.0,1,125.0,8.0,128.0,6.7,165,3,1.0,50.0,60.0,0,,1,1,0,1080,2460,2656800,2.28,401.0,4.0,716.4,0.0625,204.8,motorola,snapdragon,android,3,Flagship
72.0,8.0,2.3,4230.0,0,,6.0,128.0,6.5,60,3,1.0,12.0,8.0,1,256.0,0,0,0,720,1600,1152000,2.22,269.9,4.0,650.8,0.0469,110.4,oppo,helio,android,0,Budget
61.0,4.0,2.0,5000.0,1,10.0,3.0,32.0,6.52,60,2,1.0,8.0,5.0,1,512.0,0,0,0,720,1600,1152000,2.22,269.1,3.0,766.9,0.0938,24.0,xiaomi,helio,android,0,Budget
75.0,8.0,2.3,4000.0,1,20.0,4.0,64.0,6.4,60,4,1.0,64.0,16.0,1,256.0,0,0,0,1080,2340,2527200,2.17,402.7,5.0,625.0,0.0625,73.6,realme,snapdragon,android,0,Budget
82.0,8.0,2.4,5000.0,1,33.0,8.0,128.0,6.8,120,3,1.0,64.0,16.0,0,,1,1,0,1080,2460,2656800,2.28,395.1,4.0,735.3,0.0625,153.6,tecno,dimensity,android,1,Mid-Range
77.0,8.0,2.2,5000.0,1,18.0,6.0,128.0,6.58,90,3,1.0,50.0,8.0,1,512.0,0,0,1,1080,2400,2592000,2.22,400.0,4.0,759.9,0.0469,105.6,poco,helio,android,0,Budget
,8.0,3.0,4700.0,1,80.0,12.0,256.0,6.78,120,4,1.0,50.0,32.0,0,,1,1,0,1440,3200,4608000,2.22,517.6,5.0,693.2,0.0469,288.0,vivo,snapdragon,android,3,Flagship
80.0,8.0,2.0,5000.0,1,18.0,8.0,128.0,6.58,60,3,1.0,50.0,16.0,1,1024.0,0,0,0,1080,2408,2600640,2.23,401.1,4.0,759.9,0.0625,128.0,vivo,helio,android,1,Mid-Range
89.0,8.0,3.2,5000.0,1,120.0,8.0,128.0,6.67,120,3,1.0,200.0,20.0,0,,1,1,1,1220,2712,3308640,2.22,445.8,4.0,749.6,0.0625,204.8,xiaomi,snapdragon,android,3,Flagship
79.0,8.0,,4200.0,1,33.0,8.0,128.0,6.4,120,3,1.0,12.0,32.0,0,,1,1,0,1080,2400,2592000,2.22,411.2,4.0,656.2,0.0625,147.2,samsung,exynos,android,3,Flagship
87.0,8.0,2.6,4980.0,1,120.0,12.0,256.0,6.67,120,3,1.0,200.0,16.0,0,,1,0,1,1080,2400,2592000,2.22,394.6,4.0,746.6,0.0469,249.6,xiaomi,dimensity,android,2,Premium
85.0,8.0,2.84,6000.0,1,25.0,6.0,128.0,6.67,90,3,1.0,64.0,32.0,1,1024.0,1,0,0,1080,2412,2604960,2.23,396.2,4.0,899.6,0.0469,136.32,samsung,snapdragon,android,2,Premium
85.0,8.0,3.2,4500.0,1,65.0,8.0,128.0,6.55,120,3,1.0,50.0,32.0,0,,1,1,0,1080,2400,2592000,2.22,401.8,4.0,687.0,0.0625,204.8,realme,snapdragon,android,2,Premium
78.0,8.0,2.2,5000.0,1,67.0,6.0,128.0,6.59,120,3,1.0,64.0,16.0,0,,1,0,0,1080,2412,2604960,2.23,401.0,4.0,758.7,0.0469,105.6,oppo,snapdragon,android,1,Mid-Range
76.0,6.0,,4323.0,1,,6.0,128.0,6.7,120,3,1.0,48.0,12.0,0,,1,1,0,1290,2796,3606840,2.17,459.6,4.0,645.2,0.0469,82.8,apple,bionic,ios,3,Flagship
86.0,8.0,2.85,4500.0,1,80.0,12.0,256.0,6.7,120,3,1.0,50.0,32.0,0,,1,1,0,1080,2412,2604960,2.23,394.4,4.0,671.6,0.0469,273.6,oppo,dimensity,android,2,Premium
85.0,8.0,2.85,5080.0,1,67.0,8.0,256.0,6.6,144,3,1.0,64.0,16.0,0,,1,1,1,1080,2460,2656800,2.28,407.1,4.0,769.7,0.0312,182.4,poco,dimensity,android,1,Mid-Range
76.0,8.0,2.3,5020.0,1,18.0,4.0,64.0,6.67,60,4,1.0,48.0,16.0,1,512.0,0,0,1,1080,2400,2592000,2.22,394.6,5.0,752.6,0.0625,73.6,xiaomi,snapdragon,android,0,Budget
65.0,8.0,1.82,5000.0,0,,4.0,64.0,6.52,60,3,1.0,13.0,5.0,1,1024.0,0,0,0,720,1600,1152000,2.22,269.1,4.0,766.9,0.0625,58.24,realme,tiger,android,0,Budget
82.0,8.0,2.2,5000.0,1,20.0,6.0,128.0,6.67,60,3,1.0,48.0,16.0,1,1024.0,1,1,0,1080,2400,2592000,2.22,394.6,4.0,749.6,0.0469,105.6,motorola,snapdragon,android,1,Mid-Range
88.0,8.0,3.05,4500.0,1,80.0,12.0,256.0,6.78,120,3,1.0,50.0,32.0,0,,1,0,0,1080,2400,2592000,2.22,388.2,4.0,663.7,0.0469,292.8,vivo,dimensity,android,3,Flagship
88.0,8.0,2.9,4400.0,1,68.0,8.0,128.0,6.55,144,3,1.0,50.0,32.0,0,,1,1,0,1080,2400,2592000,2.22,401.8,4.0,671.8,0.0625,185.6,motorola,snapdragon,android,2,Premium
83.0,8.0,2.2,5000.0,1,18.0,8.0,128.0,6.58,120,3,1.0,50.0,16.0,1,1024.0,1,0,0,1080,2408,2600640,2.23,401.1,4.0,759.9,0.0625,140.8,vivo,snapdragon,android,1,Mid-Range
62.0,8.0,1.6,5000.0,1,10.0,4.0,64.0,6.5,60,1,1.0,8.0,5.0,1,1024.0,0,0,0,720,1600,1152000,2.22,269.9,2.0,769.2,0.0625,51.2,realme,unisoc,android,0,Budget
84.0,8.0,2.05,4700.0,1,33.0,8.0,256.0,6.7,90,3,2.0,50.0,48.0,0,,0,0,0,1080,2340,2527200,2.17,384.7,5.0,701.5,0.0312,131.2,tecno,helio,android,1,Mid-Range
80.0,8.0,2.4,5000.0,1,33.0,8.0,128.0,6.59,90,3,1.0,50.0,16.0,1,1024.0,0,0,0,1080,2412,2604960,2.23,401.0,4.0,758.7,0.0625,153.6,oppo,snapdragon,android,1,Mid-Range
86.0,8.0,3.2,6000.0,1,65.0,12.0,256.0,6.78,165,3,1.0,50.0,12.0,0,,1,1,0,1080,2448,2643840,2.27,394.6,4.0,885.0,0.0469,307.2,asus,snapdragon,android,3,Flagship
65.0,8.0,2.3,5000.0,0,,3.0,32.0,6.5,60,2,1.0,13.0,5.0,1,1024.0,0,0,0,720,1600,1152000,2.22,269.9,3.0,769.2,0.0938,55.2,samsung,helio,android,0,Budget
84.0,8.0,3.0,4500.0,1,80.0,8.0,128.0,6.43,90,3,1.0,50.0,32.0,0,,1,1,0,1080,2400,2592000,2.22,409.3,4.0,699.8,0.0625,192.0,oneplus,dimensity,android,1,Mid-Range
68.0,8.0,2.0,5000.0,0,,3.0,64.0,6.51,60,3,1.0,13.0,8.0,1,,0,0,0,720,1600,1152000,2.22,269.5,4.0,768.0,0.0469,48.0,vivo,snapdragon,android,0,Budget
77.0,8.0,2.0,5000.0,1,30.0,4.0,128.0,6.5,90,3,1.0,50.0,16.0,1,512.0,0,1,0,720,1600,1152000,2.22,269.9,4.0,769.2,0.0312,64.0,motorola,helio,android,1,Mid-Range
74.0,8.0,2.05,5000.0,1,18.0,4.0,64.0,6.6,120,3,1.0,50.0,16.0,1,256.0,0,0,0,1080,2412,2604960,2.23,400.4,4.0,757.6,0.0625,65.6,realme,helio,android,0,Budget
87.0,8.0,3.2,5000.0,1,120.0,12.0,256.0,6.73,144,3,1.0,108.0,32.0,0,,1,0,0,1080,2400,2592000,2.22,391.1,4.0,742.9,0.0469,307.2,vivo,dimensity,android,2,Premium
82.0,8.0,2.2,4500.0,1,33.0,8.0,128.0,6.43,60,3,1.0,64.0,16.0,1,512.0,1,0,0,1080,2400,2592000,2.22,409.3,4.0,699.8,0.0625,140.8,oppo,snapdragon,android,1,Mid-Range
79.0,8.0,2.0,5000.0,1,33.0,6.0,128.0,6.67,120,3,1.0,48.0,13.0,1,1024.0,1,0,1,1080,2400,2592000,2.22,394.6,4.0,749.6,0.0469,96.0,xiaomi,snapdragon,android,1,Mid-Range
74.0,6.0,3.1,,0,,4.0,64.0,5.4,60,2,1.0,12.0,12.0,0,,1,1,0,1080,2340,2527200,2.17,477.3,3.0,925.9,0.0625,74.4,apple,bionic,ios,2,Premium
71.0,8.0,2.4,6000.0,1,18.0,4.0,64.0,6.7,60,2,1.0,50.0,5.0,1,512.0,0,0,0,720,1600,1152000,2.22,261.9,3.0,895.5,0.0625,76.8,xiaomi,snapdragon,android,0,Budget
79.0,8.0,2.2,5000.0,1,15.0,6.0,128.0,6.6,90,3,1.0,48.0,8.0,1,1024.0,1,0,0,1080,2408,2600640,2.23,399.9,4.0,757.6,0.0469,105.6,samsung,dimensity,android,1,Mid-Range
86.0,8.0,2.85,4355.0,1,30.0,8.0,128.0,6.3,90,2,1.0,50.0,10.8,0,,1,1,0,1080,2400,2592000,2.22,417.7,3.0,691.3,0.0625,182.4,google,google,android,3,Flagship
85.0,8.0,2.84,4520.0,1,33.0,8.0,128.0,6.67,120,3,1.0,108.0,20.0,0,,1,0,1,1080,2400,2592000,2.22,394.6,4.0,677.7,0.0625,181.76,xiaomi,snapdragon,android,2,Premium
87.0,8.0,3.0,4500.0,1,45.0,8.0,128.0,6.6,120,3,1.0,50.0,10.0,0,,1,1,0,1080,2340,2527200,2.17,390.5,4.0,681.8,0.0625,192.0,samsung,snapdragon,android,3,Flagship
84.0,8.0,2.2,5000.0,1,33.0,8.0,128.0,6.72,120,2,1.0,108.0,16.0,1,1024.0,1,0,0,1080,2400,2592000,2.22,391.6,3.0,744.0,0.0625,140.8,realme,snapdragon,android,1,Mid-Range
,8.0,2.86,4200.0,1,40.0,8.0,256.0,6.58,90,4,2.0,50.0,32.0,1,256.0,1,1,0,1200,2640,3168000,2.2,440.7,6.0,638.3,0.0312,183.04,huawei,kirin,android,3,Flagship
87.0,8.0,2.9,6000.0,1,65.0,8.0,128.0,6.78,144,3,1.0,64.0,24.0,0,,1,1,0,1080,2448,2643840,2.27,394.6,4.0,885.0,0.0625,185.6,asus,snapdragon,android,2,Premium
67.0,8.0,2.0,3700.0,1,18.0,4.0,64.0,6.0,60,1,1.0,12.2,8.0,0,,0,1,0,1080,2160,2332800,2.0,402.5,2.0,616.7,0.0625,64.0,google,snapdragon,android,1,Mid-Range
77.0,8.0,2.2,5000.0,1,18.0,4.0,128.0,6.43,90,4,1.0,48.0,13.0,1,,1,0,1,1080,2340,2527200,2.17,400.8,5.0,777.6,0.0312,70.4,xiaomi,dimensity,android,0,Budget
84.0,8.0,2.05,5000.0,1,33.0,8.0,128.0,6.8,120,3,1.0,64.0,32.0,1,512.0,0,1,0,1080,2460,2656800,2.28,395.1,4.0,735.3,0.0625,131.2,tecno,helio,android,1,Mid-Range
71.0,8.0,2.0,6000.0,1,15.0,4.0,64.0,6.6,60,3,1.0,50.0,8.0,1,1024.0,0,0,0,1080,2400,2592000,2.22,398.8,4.0,909.1,0.0625,64.0,samsung,exynos,android,0,Budget
61.0,8.0,1.6,5000.0,0,,4.0,64.0,6.52,60,1,1.0,8.0,5.0,1,,0,0,0,720,1600,1152000,2.22,269.1,2.0,766.9,0.0625,51.2,realme,other_proc,android,0,Budget
66.0,8.0,2.3,5000.0,0,,3.0,32.0,6.51,60,2,1.0,13.0,8.0,1,1024.0,0,0,0,720,1600,1152000,2.22,269.5,3.0,768.0,0.0938,55.2,vivo,helio,android,0,Budget
83.0,8.0,2.84,4500.0,1,66.0,8.0,128.0,6.62,120,3,1.0,48.0,16.0,0,,1,1,0,1080,2400,2592000,2.22,397.6,4.0,679.8,0.0625,181.76,iqoo,snapdragon,android,2,Premium
83.0,8.0,,5000.0,1,120.0,16.0,512.0,6.73,165,3,1.0,50.0,32.0,0,,1,1,0,1080,2448,2643840,2.27,397.6,4.0,742.9,0.0312,294.4,other_brand,other_proc,android,3,Flagship
68.0,8.0,2.3,5000.0,1,15.0,4.0,128.0,6.5,60,2,1.0,13.0,5.0,1,1024.0,0,0,0,720,1600,1152000,2.22,269.9,3.0,769.2,0.0312,73.6,samsung,helio,android,0,Budget
89.0,8.0,3.05,5160.0,1,45.0,12.0,256.0,6.8,120,3,1.0,50.0,32.0,0,,1,1,0,1080,2400,2592000,2.22,387.0,4.0,758.8,0.0469,292.8,tecno,dimensity,android,2,Premium
70.0,8.0,2.2,3300.0,0,,4.0,64.0,6.0,60,3,1.0,24.0,24.0,1,512.0,0,0,0,1080,2220,2397600,2.06,411.5,4.0,550.0,0.0625,70.4,samsung,exynos,android,1,Mid-Range
,8.0,2.9,5000.0,1,25.0,12.0,256.0,6.8,120,4,1.0,108.0,40.0,0,,1,1,0,1440,3200,4608000,2.22,516.0,5.0,735.3,0.0469,278.4,samsung,exynos,android,3,Flagship
85.0,8.0,2.6,5000.0,1,67.0,8.0,256.0,6.7,120,3,1.0,108.0,16.0,0,,1,0,0,1080,2412,2604960,2.23,394.4,4.0,746.3,0.0312,166.4,realme,dimensity,android,1,Mid-Range
88.0,8.0,2.73,4500.0,1,25.0,8.0,128.0,6.7,120,4,1.0,64.0,10.0,1,1024.0,0,1,0,1440,3200,4608000,2.22,523.7,5.0,671.6,0.0625,174.72,samsung,exynos,android,3,Flagship
79.0,8.0,2.4,5000.0,1,33.0,12.0,256.0,6.56,90,2,1.0,48.0,8.0,1,1024.0,1,0,0,1080,2400,2592000,2.22,401.2,3.0,762.2,0.0469,230.4,oppo,dimensity,android,1,Mid-Range
81.0,8.0,2.4,5000.0,1,33.0,6.0,128.0,6.6,90,2,1.0,50.0,16.0,1,1024.0,1,0,1,1080,2400,2592000,2.22,398.8,3.0,757.6,0.0469,115.2,poco,dimensity,android,0,Budget
82.0,6.0,3.22,3279.0,1,,6.0,256.0,6.1,60,2,1.0,12.0,12.0,0,,1,1,0,1170,2532,2962440,2.16,457.3,3.0,537.5,0.0234,115.92,apple,bionic,ios,3,Flagship
85.0,8.0,2.3,4000.0,1,33.0,8.0,128.0,6.44,60,3,1.0,64.0,44.0,1,1024.0,0,0,0,1080,2400,2592000,2.22,408.7,4.0,621.1,0.0625,147.2,vivo,snapdragon,android,1,Mid-Range
,8.0,3.0,5000.0,1,80.0,12.0,512.0,6.7,120,3,1.0,50.0,32.0,0,,1,1,0,1440,3216,4631040,2.23,525.9,4.0,746.3,0.0234,288.0,oneplus,snapdragon,android,3,Flagship
77.0,8.0,2.3,5000.0,1,67.0,6.0,128.0,6.67,120,3,1.0,50.0,16.0,0,,0,1,1,1080,2400,2592000,2.22,394.6,4.0,749.6,0.0469,110.4,xiaomi,snapdragon,android,0,Budget
79.0,8.0,2.4,5000.0,1,33.0,8.0,128.0,6.56,90,2,1.0,48.0,8.0,1,1024.0,1,0,0,720,1612,1160640,2.24,269.1,3.0,762.2,0.0625,153.6,oppo,dimensity,android,1,Mid-Range
87.0,8.0,2.5,4500.0,1,33.0,12.0,256.0,6.55,120,2,1.0,50.0,16.0,0,,1,1,0,1080,2400,2592000,2.22,401.8,3.0,687.0,0.0469,240.0,other_brand,snapdragon,android,2,Premium
85.0,8.0,2.4,5000.0,1,25.0,6.0,128.0,6.7,120,4,1.0,108.0,32.0,1,1024.0,1,0,0,1080,2400,2592000,2.22,392.8,5.0,746.3,0.0469,115.2,samsung,dimensity,android,1,Mid-Range
75.0,6.0,3.1,,0,,4.0,128.0,6.1,60,2,1.0,12.0,12.0,0,,1,1,0,1170,2532,2962440,2.16,457.3,3.0,819.7,0.0312,74.4,apple,bionic,ios,3,Flagship
71.0,8.0,2.2,5000.0,1,15.0,4.0,64.0,6.5,90,2,1.0,50.0,5.0,1,1024.0,1,0,0,720,1600,1152000,2.22,269.9,3.0,769.2,0.0625,70.4,samsung,dimensity,android,0,Budget
,8.0,3.2,4450.0,1,125.0,8.0,128.0,6.67,144,3,1.0,200.0,60.0,0,,1,1,0,1080,2400,2592000,2.22,394.6,4.0,667.2,0.0625,204.8,motorola,snapdragon,android,2,Premium
84.0,8.0,3.2,5500.0,1,67.0,8.0,128.0,6.67,120,3,1.0,64.0,16.0,0,,1,1,1,1440,3200,4608000,2.22,526.1,4.0,824.6,0.0625,204.8,poco,snapdragon,android,1,Mid-Range
76.0,8.0,2.4,4000.0,1,22.0,6.0,128.0,6.7,90,4,1.0,64.0,16.0,0,,0,0,0,1080,2388,2579040,2.21,391.2,5.0,597.0,0.0469,115.2,honor,snapdragon,android,1,Mid-Range
83.0,8.0,2.5,4500.0,1,120.0,6.0,128.0,6.67,120,3,1.0,108.0,16.0,1,1024.0,1,0,1,1080,2400,2592000,2.22,394.6,4.0,674.7,0.0469,120.0,xiaomi,dimensity,android,1,Mid-Range
80.0,8.0,2.05,5000.0,1,33.0,6.0,64.0,6.43,60,4,1.0,64.0,13.0,1,512.0,0,0,1,1080,2400,2592000,2.22,409.3,5.0,777.6,0.0938,98.4,xiaomi,helio,android,0,Budget
77.0,6.0,2.65,3500.0,1,18.0,4.0,64.0,6.5,60,3,1.0,12.0,12.0,0,,0,1,0,1242,2688,3338496,2.16,455.5,4.0,538.5,0.0625,63.6,apple,bionic,ios,3,Flagship
87.0,8.0,3.2,5000.0,1,20.0,6.0,128.0,6.7,90,4,2.0,64.0,16.0,1,,1,1,0,1080,2520,2721600,2.33,409.2,6.0,746.3,0.0469,153.6,motorola,snapdragon,android,1,Mid-Range
88.0,8.0,2.6,22000.0,1,33.0,12.0,256.0,6.58,120,3,1.0,108.0,32.0,1,2048.0,1,0,0,1080,2408,2600640,2.23,401.1,4.0,3343.5,0.0469,249.6,other_brand,dimensity,android,2,Premium
66.0,8.0,1.8,5000.0,0,,4.0,64.0,6.52,60,2,1.0,13.0,5.0,1,256.0,0,0,0,720,1600,1152000,2.22,269.1,3.0,766.9,0.0625,57.6,other_brand,unisoc,android,0,Budget
75.0,8.0,2.0,6000.0,1,15.0,4.0,128.0,6.6,60,3,1.0,50.0,8.0,1,1024.0,0,1,0,1080,2408,2600640,2.23,399.9,4.0,909.1,0.0312,64.0,samsung,exynos,android,0,Budget
82.0,8.0,2.3,5020.0,1,33.0,6.0,128.0,6.67,120,4,1.0,108.0,16.0,1,512.0,0,0,1,1080,2400,2592000,2.22,394.6,5.0,752.6,0.0469,110.4,xiaomi,snapdragon,android,1,Mid-Range
61.0,8.0,2.2,5000.0,0,,2.0,32.0,6.51,60,2,1.0,13.0,8.0,1,256.0,0,0,0,720,1600,1152000,2.22,269.5,3.0,768.0,0.0625,35.2,tecno,other_proc,android,0,Budget
83.0,8.0,2.4,4000.0,1,33.0,8.0,128.0,6.44,90,3,1.0,64.0,44.0,1,,0,0,0,1080,2400,2592000,2.22,408.7,4.0,621.1,0.0625,153.6,vivo,dimensity,android,1,Mid-Range
78.0,8.0,2.2,5000.0,1,60.0,6.0,128.0,6.6,120,3,1.0,50.0,16.0,1,,1,0,0,1080,2412,2604960,2.23,400.4,4.0,757.6,0.0469,105.6,realme,snapdragon,android,0,Budget
84.0,8.0,2.4,5000.0,1,80.0,8.0,256.0,6.67,120,3,1.0,64.0,32.0,1,,1,0,0,1080,2400,2592000,2.22,394.6,4.0,749.6,0.0312,153.6,vivo,snapdragon,android,2,Premium
78.0,8.0,2.0,5000.0,1,20.0,6.0,128.0,6.47,60,3,1.0,50.0,13.0,1,1024.0,0,0,0,1080,2400,2592000,2.22,406.8,4.0,772.8,0.0469,96.0,motorola,helio,android,0,Budget
79.0,8.0,2.2,5000.0,1,18.0,6.0,128.0,6.5,90,3,1.0,48.0,8.0,1,1024.0,1,0,1,1080,2400,2592000,2.22,404.9,4.0,769.2,0.0469,105.6,xiaomi,dimensity,android,0,Budget
86.0,8.0,2.84,4500.0,1,65.0,8.0,128.0,6.55,120,4,1.0,108.0,16.0,0,,1,1,0,1080,2400,2592000,2.22,401.8,5.0,687.0,0.0625,181.76,oneplus,snapdragon,android,2,Premium
66.0,8.0,2.3,5000.0,0,,3.0,64.0,6.5,60,2,1.0,13.0,5.0,1,1024.0,0,0,0,720,1600,1152000,2.22,269.9,3.0,769.2,0.0469,55.2,samsung,helio,android,0,Budget
,8.0,3.2,4700.0,1,80.0,12.0,256.0,6.78,120,4,1.0,50.3,32.0,0,,1,1,1,1440,3200,4608000,2.22,517.6,5.0,693.2,0.0469,307.2,vivo,snapdragon,android,3,Flagship
62.0,8.0,1.5,2275.0,0,,2.0,64.0,4.7,60,1,1.0,13.0,2.1,0,,0,1,0,1080,1920,2073600,1.78,468.7,2.0,484.0,0.0312,24.0,other_brand,snapdragon,android,3,Flagship
84.0,8.0,2.9,4350.0,1,120.0,8.0,128.0,6.56,120,3,1.0,48.0,16.0,0,,1,0,0,1080,2376,2566080,2.2,397.9,4.0,663.1,0.0625,185.6,iqoo,snapdragon,android,2,Premium
85.0,8.0,2.84,4500.0,1,,8.0,128.0,6.62,120,3,1.0,50.0,16.0,0,,1,1,0,1080,2400,2592000,2.22,397.6,4.0,679.8,0.0625,181.76,oneplus,snapdragon,android,2,Premium
,8.0,3.2,4500.0,1,120.0,12.0,256.0,6.78,120,4,1.0,50.0,32.0,0,,1,1,0,1440,3200,4608000,2.22,517.6,5.0,663.7,0.0469,307.2,vivo,snapdragon,android,3,Flagship
82.0,8.0,3.1,5000.0,1,120.0,8.0,128.0,6.78,120,3,1.0,64.0,16.0,0,,1,1,1,1080,2400,2592000,2.22,388.2,4.0,737.5,0.0625,198.4,iqoo,dimensity,android,1,Mid-Range
73.0,8.0,2.4,6000.0,1,18.0,4.0,128.0,6.7,60,2,1.0,50.0,5.0,1,512.0,0,0,0,720,1600,1152000,2.22,261.9,3.0,895.5,0.0312,76.8,xiaomi,snapdragon,android,0,Budget
75.0,8.0,2.3,5000.0,1,15.0,6.0,128.0,6.5,60,4,1.0,48.0,8.0,1,,0,0,0,720,1560,1123200,2.17,264.3,5.0,769.2,0.0469,110.4,samsung,helio,android,0,Budget
72.0,8.0,2.3,5000.0,1,,4.0,128.0,6.5,60,2,1.0,50.0,5.0,1,1024.0,0,0,0,720,1600,1152000,2.22,269.9,3.0,769.2,0.0312,73.6,samsung,helio,android,0,Budget
79.0,8.0,2.2,6000.0,1,18.0,8.0,128.0,6.58,60,2,1.0,50.0,8.0,0,,1,0,0,1080,2408,2600640,2.23,401.1,3.0,911.9,0.0625,140.8,vivo,dimensity,android,1,Mid-Range
83.0,8.0,2.2,5000.0,1,30.0,6.0,128.0,6.6,120,3,1.0,50.0,16.0,1,1024.0,1,1,0,1080,2400,2592000,2.22,398.8,4.0,757.6,0.0469,105.6,motorola,snapdragon,android,1,Mid-Range
84.0,8.0,2.5,5100.0,1,120.0,8.0,128.0,6.73,120,3,1.0,108.0,32.0,1,1024.0,1,0,1,1080,2400,2592000,2.22,391.1,4.0,757.8,0.0625,160.0,poco,dimensity,android,1,Mid-Range
64.0,8.0,1.8,4230.0,0,,3.0,32.0,6.22,60,2,1.0,13.0,5.0,1,256.0,0,0,0,720,1520,1094400,2.11,270.4,3.0,680.1,0.0938,43.2,oppo,helio,android,0,Budget
78.0,8.0,2.0,5000.0,1,33.0,6.0,64.0,6.52,90,3,1.0,64.0,16.0,1,512.0,1,0,1,1080,2400,2592000,2.22,403.7,4.0,766.9,0.0938,96.0,xiaomi,dimensity,android,1,Mid-Range
75.0,8.0,2.0,6000.0,1,18.0,6.0,64.0,6.53,60,3,1.0,48.0,8.0,1,512.0,0,0,1,1080,2340,2527200,2.17,394.7,4.0,918.8,0.0938,96.0,poco,snapdragon,android,0,Budget
,4.0,1.4,3360.0,0,,3.0,16.0,6.0,60,1,1.0,13.0,5.0,1,,0,0,0,720,1440,1036800,2.0,268.3,2.0,560.0,0.1875,16.8,vivo,snapdragon,android,1,Mid-Range
89.0,8.0,2.6,4300.0,1,120.0,8.0,256.0,6.67,120,3,1.0,200.0,16.0,1,512.0,1,1,1,1080,2400,2592000,2.22,394.6,4.0,644.7,0.0312,166.4,xiaomi,dimensity,android,1,Mid-Range
86.0,8.0,2.2,5000.0,1,67.0,8.0,128.0,6.67,120,3,1.0,108.0,16.0,1,1024.0,1,0,1,1080,2400,2592000,2.22,394.6,4.0,749.6,0.0625,140.8,xiaomi,snapdragon,android,1,Mid-Range
82.0,8.0,2.4,4310.0,1,50.0,8.0,128.0,6.43,60,4,1.0,48.0,16.0,1,256.0,1,0,0,1080,2400,2592000,2.22,409.3,5.0,670.3,0.0625,153.6,oppo,dimensity,android,1,Mid-Range
87.0,8.0,3.0,4500.0,1,65.0,12.0,256.0,6.55,90,3,1.0,50.0,32.0,1,,1,1,0,1080,2400,2592000,2.22,401.8,4.0,687.0,0.0469,288.0,oppo,dimensity,android,2,Premium
85.0,8.0,3.2,4700.0,1,120.0,8.0,128.0,6.78,120,3,1.0,50.0,16.0,0,,1,1,1,1080,2400,2592000,2.22,388.2,4.0,693.2,0.0625,204.8,iqoo,snapdragon,android,2,Premium
,8.0,2.4,5000.0,1,25.0,8.0,128.0,6.7,120,4,1.0,108.0,32.0,1,1024.0,1,1,0,1080,2400,2592000,2.22,392.8,5.0,746.3,0.0625,153.6,samsung,snapdragon,android,2,Premium
84.0,8.0,3.0,4500.0,1,80.0,8.0,128.0,6.43,90,3,1.0,50.0,32.0,0,,1,1,0,1080,2400,2592000,2.22,409.3,4.0,699.8,0.0625,192.0,oppo,dimensity,android,2,Premium
77.0,8.0,2.4,5000.0,1,33.0,4.0,128.0,6.6,90,2,1.0,50.0,16.0,1,512.0,1,0,1,1080,2400,2592000,2.22,398.8,3.0,757.6,0.0312,76.8,xiaomi,dimensity,android,0,Budget
74.0,8.0,2.0,6000.0,1,18.0,4.0,64.0,6.53,60,4,1.0,48.0,8.0,1,512.0,0,0,1,1080,2340,2527200,2.17,394.7,5.0,918.8,0.0625,64.0,xiaomi,snapdragon,android,0,Budget
89.0,8.0,2.84,4400.0,1,25.0,12.0,256.0,7.6,120,3,2.0,12.0,10.0,0,,1,1,0,1768,2208,3903744,1.25,372.2,5.0,578.9,0.0469,272.64,samsung,snapdragon,android,3,Flagship
83.0,8.0,3.1,5500.0,1,67.0,8.0,128.0,6.67,120,3,1.0,48.0,20.0,0,,1,1,1,1440,3200,4608000,2.22,526.1,4.0,824.6,0.0625,198.4,xiaomi,dimensity,android,1,Mid-Range
,8.0,2.73,4500.0,1,25.0,8.0,128.0,6.7,60,4,1.0,64.0,10.0,1,1024.0,1,1,0,1440,3200,4608000,2.22,523.7,5.0,671.6,0.0625,174.72,samsung,exynos,android,3,Flagship
81.0,8.0,2.5,5160.0,1,67.0,6.0,128.0,6.67,120,3,1.0,108.0,16.0,1,1024.0,1,0,1,1080,2400,2592000,2.22,394.6,4.0,773.6,0.0469,120.0,xiaomi,dimensity,android,1,Mid-Range
75.0,8.0,2.4,5000.0,1,33.0,4.0,64.0,6.6,90,3,1.0,48.0,16.0,1,1024.0,1,0,0,1080,2400,2592000,2.22,398.8,4.0,757.6,0.0625,76.8,realme,dimensity,android,0,Budget
61.0,8.0,2.3,5000.0,0,,2.0,32.0,6.5,60,2,1.0,13.0,5.0,1,256.0,0,0,0,720,1600,1152000,2.22,269.9,3.0,769.2,0.0625,36.8,realme,helio,android,0,Budget
78.0,8.0,2.8,4000.0,1,,6.0,128.0,6.18,60,2,1.0,12.0,20.0,1,256.0,0,0,0,1080,2246,2425680,2.08,403.3,3.0,647.2,0.0469,134.4,xiaomi,snapdragon,android,0,Budget
85.0,8.0,2.9,4350.0,1,120.0,12.0,256.0,6.56,120,3,1.0,48.0,16.0,0,,1,0,0,1080,2376,2566080,2.2,397.9,4.0,663.1,0.0469,278.4,iqoo,snapdragon,android,2,Premium
81.0,8.0,2.4,5000.0,1,67.0,6.0,128.0,6.67,120,3,1.0,108.0,16.0,0,,1,1,1,1080,2400,2592000,2.22,394.6,4.0,749.6,0.0469,115.2,poco,snapdragon,android,1,Mid-Range
84.0,8.0,2.2,4500.0,1,33.0,8.0,128.0,6.43,60,3,1.0,64.0,16.0,1,,1,1,0,1080,2400,2592000,2.22,409.3,4.0,699.8,0.0625,140.8,oppo,snapdragon,android,1,Mid-Range
63.0,8.0,,5000.0,1,18.0,4.0,64.0,6.5,60,2,1.0,48.0,5.0,1,1024.0,0,0,0,720,1560,1123200,2.17,264.3,3.0,769.2,0.0625,73.6,samsung,other_proc,android,0,Budget
67.0,8.0,1.99,4000.0,0,,6.0,128.0,6.2,60,1,1.0,16.0,13.0,1,256.0,0,0,0,720,1520,1094400,2.11,271.3,2.0,645.2,0.0469,95.52,other_brand,helio,android,0,Budget
89.0,8.0,3.2,5000.0,1,67.0,12.0,256.0,6.43,120,3,1.0,50.0,32.0,0,,1,1,1,1440,3200,4608000,2.22,545.7,4.0,777.6,0.0469,307.2,xiaomi,snapdragon,android,3,Flagship
77.0,8.0,2.3,5020.0,1,18.0,4.0,128.0,6.67,60,4,1.0,48.0,16.0,1,512.0,0,0,1,1080,2400,2592000,2.22,394.6,5.0,752.6,0.0312,73.6,xiaomi,snapdragon,android,0,Budget
,4.0,2.37,2230.0,0,,3.0,32.0,4.7,60,1,1.0,13.0,7.0,0,,0,0,0,750,1334,1000500,1.78,325.6,2.0,474.5,0.0938,28.44,apple,other_proc,ios,3,Flagship
60.0,4.0,1.8,4000.0,1,10.0,6.0,64.0,6.5,60,2,1.0,8.0,5.0,0,,0,0,0,720,1560,1123200,2.17,264.3,3.0,615.4,0.0938,43.2,other_brand,tiger,android,0,Budget
89.0,8.0,2.8,5003.0,1,30.0,12.0,128.0,6.71,120,3,1.0,50.0,11.1,0,,1,1,0,1440,3120,4492800,2.17,512.1,4.0,745.6,0.0938,268.8,google,google,android,3,Flagship
83.0,6.0,3.22,4325.0,1,,6.0,512.0,6.7,60,2,1.0,12.0,12.0,0,,1,1,0,1284,2778,3566952,2.16,456.8,3.0,645.5,0.0117,115.92,apple,bionic,ios,3,Flagship
81.0,8.0,2.4,5000.0,1,33.0,6.0,128.0,6.4,90,3,1.0,108.0,16.0,1,256.0,0,0,0,1080,2400,2592000,2.22,411.2,4.0,781.2,0.0469,115.2,realme,snapdragon,android,0,Budget
73.0,8.0,1.82,5000.0,1,18.0,4.0,64.0,6.6,60,3,1.0,50.0,8.0,1,1024.0,0,0,0,1080,2408,2600640,2.23,399.9,4.0,757.6,0.0625,58.24,realme,tiger,android,0,Budget
84.0,8.0,2.2,4500.0,1,44.0,8.0,256.0,6.44,90,3,1.0,64.0,32.0,1,,0,0,0,1080,2400,2592000,2.22,408.7,4.0,698.8,0.0312,140.8,vivo,helio,android,1,Mid-Range
82.0,8.0,2.4,5000.0,1,33.0,8.0,128.0,6.6,90,2,1.0,50.0,16.0,1,1024.0,1,0,1,1080,2400,2592000,2.22,398.8,3.0,757.6,0.0625,153.6,poco,dimensity,android,1,Mid-Range
83.0,8.0,3.2,4600.0,1,240.0,8.0,128.0,6.7,120,3,1.0,50.0,16.0,0,,1,1,0,1080,2412,2604960,2.23,394.4,4.0,686.6,0.0625,204.8,realme,snapdragon,android,2,Premium
89.0,8.0,3.2,4700.0,1,120.0,8.0,256.0,6.73,120,3,1.0,50.0,32.0,0,,1,1,0,1080,2400,2592000,2.22,391.1,4.0,698.4,0.0312,204.8,oppo,snapdragon,android,3,Flagship
71.0,8.0,2.3,5000.0,1,10.0,4.0,64.0,6.5,90,2,1.0,50.0,8.0,1,1024.0,0,0,0,720,1600,1152000,2.22,269.9,3.0,769.2,0.0625,73.6,motorola,helio,android,0,Budget
81.0,8.0,2.3,5020.0,1,33.0,6.0,128.0,6.67,120,4,1.0,64.0,16.0,1,512.0,0,0,1,1080,2400,2592000,2.22,394.6,5.0,752.6,0.0469,110.4,xiaomi,snapdragon,android,1,Mid-Range
77.0,8.0,2.0,5000.0,1,33.0,6.0,128.0,6.7,60,3,1.0,50.0,16.0,1,,0,0,0,1080,2400,2592000,2.22,392.8,4.0,746.3,0.0469,96.0,infinix,helio,android,0,Budget
75.0,6.0,,4532.0,1,,8.0,128.0,6.71,120,2,1.0,12.0,12.0,0,,1,1,0,1284,2778,3566952,2.16,456.1,3.0,675.4,0.0625,110.4,apple,bionic,ios,3,Flagship
83.0,8.0,2.5,4020.0,1,33.0,6.0,128.0,6.5,144,3,1.0,50.0,32.0,0,,1,1,0,1080,2400,2592000,2.22,404.9,4.0,618.5,0.0469,120.0,motorola,snapdragon,android,1,Mid-Range
85.0,8.0,,5100.0,1,45.0,12.0,256.0,6.83,144,4,1.0,200.0,60.0,0,,1,0,0,1200,2860,3432000,2.38,454.1,5.0,746.7,0.0469,220.8,samsung,snapdragon,android,3,Flagship
72.0,8.0,2.3,5000.0,0,,6.0,128.0,6.53,60,2,1.0,13.0,5.0,1,512.0,0,0,0,720,1600,1152000,2.22,268.7,3.0,765.7,0.0469,110.4,xiaomi,helio,android,0,Budget
70.0,8.0,1.8,5000.0,1,18.0,4.0,64.0,6.6,60,3,1.0,50.0,8.0,1,1024.0,0,0,0,1080,2408,2600640,2.23,399.9,4.0,757.6,0.0625,57.6,realme,tiger,android,0,Budget
82.0,8.0,2.05,5000.0,1,33.0,8.0,128.0,6.43,60,4,1.0,64.0,13.0,1,512.0,0,0,1,1080,2400,2592000,2.22,409.3,5.0,777.6,0.0625,131.2,xiaomi,helio,android,0,Budget
69.0,8.0,2.0,5000.0,1,18.0,4.0,64.0,6.51,60,3,1.0,13.0,8.0,1,256.0,0,0,0,720,1600,1152000,2.22,269.5,4.0,768.0,0.0625,64.0,vivo,helio,android,0,Budget
86.0,8.0,3.0,3700.0,1,25.0,8.0,128.0,6.1,120,3,1.0,50.0,10.0,0,,1,1,0,1080,2340,2527200,2.17,422.5,4.0,606.6,0.0625,192.0,samsung,snapdragon,android,2,Premium
86.0,8.0,3.0,4700.0,1,120.0,8.0,128.0,6.67,120,3,1.0,64.0,20.0,0,,1,1,1,1080,2400,2592000,2.22,394.6,4.0,704.6,0.0625,192.0,poco,snapdragon,android,2,Premium
85.0,8.0,2.4,4300.0,1,25.0,6.0,128.0,6.8,60,3,1.0,48.0,16.0,1,,1,1,0,1080,2460,2656800,2.28,395.1,4.0,632.4,0.0469,115.2,other_brand,snapdragon,android,3,Flagship
81.0,8.0,2.2,4500.0,1,33.0,6.0,128.0,6.43,60,3,1.0,64.0,16.0,1,,1,1,0,1080,2400,2592000,2.22,409.3,4.0,699.8,0.0469,105.6,oneplus,snapdragon,android,1,Mid-Range
74.0,8.0,2.0,5000.0,1,18.0,6.0,64.0,6.53,60,4,1.0,13.0,8.0,1,512.0,0,0,1,1080,2340,2527200,2.17,394.7,5.0,765.7,0.0938,96.0,poco,helio,android,0,Budget
81.0,8.0,2.4,5000.0,1,67.0,6.0,128.0,6.67,120,3,1.0,108.0,16.0,0,,1,1,1,1080,2400,2592000,2.22,394.6,4.0,749.6,0.0469,115.2,other_brand,snapdragon,android,1,Mid-Range
84.0,8.0,2.2,5000.0,1,80.0,8.0,256.0,6.7,120,3,1.0,108.0,32.0,1,,1,0,0,1080,2400,2592000,2.22,392.8,4.0,746.3,0.0312,140.8,vivo,snapdragon,android,1,Mid-Range
89.0,8.0,3.0,5000.0,1,65.0,8.0,128.0,6.8,120,3,1.0,64.0,16.0,0,,1,1,0,1116,2480,2767680,2.22,399.9,4.0,735.3,0.0625,192.0,other_brand,snapdragon,android,3,Flagship
83.0,8.0,2.2,5000.0,1,66.0,8.0,256.0,6.67,120,3,1.0,50.0,16.0,1,1024.0,0,1,0,1080,2400,2592000,2.22,394.6,4.0,749.6,0.0312,140.8,oppo,helio,android,1,Mid-Range
85.0,8.0,2.85,4500.0,1,80.0,8.0,256.0,6.7,120,3,1.0,50.0,32.0,0,,1,1,0,1080,2412,2604960,2.23,394.4,4.0,671.6,0.0312,182.4,oppo,dimensity,android,2,Premium
62.0,8.0,2.0,5000.0,0,,3.0,64.0,6.6,90,2,1.0,13.0,8.0,1,256.0,0,0,0,720,1612,1160640,2.24,267.5,3.0,757.6,0.0469,48.0,tecno,unisoc,android,0,Budget
77.0,8.0,2.0,5000.0,1,33.0,6.0,128.0,6.7,60,3,1.0,50.0,16.0,1,512.0,0,0,0,1080,2400,2592000,2.22,392.8,4.0,746.3,0.0469,96.0,infinix,helio,android,0,Budget
60.0,8.0,2.0,3000.0,1,10.0,3.0,32.0,6.0,60,1,1.0,13.0,5.0,1,,0,0,0,720,1440,1036800,2.0,268.3,2.0,500.0,0.0938,48.0,other_brand,helio,android,0,Budget
82.0,8.0,3.2,4700.0,1,80.0,8.0,128.0,6.62,120,3,1.0,64.0,16.0,0,,1,0,1,1080,2400,2592000,2.22,397.6,4.0,710.0,0.0625,204.8,iqoo,snapdragon,android,1,Mid-Range
75.0,8.0,1.6,5050.0,1,18.0,6.0,128.0,6.5,90,3,1.0,50.0,8.0,1,512.0,0,0,0,720,1600,1152000,2.22,269.9,4.0,776.9,0.0469,76.8,nokia,unisoc,android,0,Budget
86.0,8.0,2.84,5000.0,1,120.0,8.0,128.0,6.67,120,3,1.0,108.0,16.0,0,,1,1,1,1080,2400,2592000,2.22,394.6,4.0,749.6,0.0625,181.76,xiaomi,snapdragon,android,2,Premium
77.0,8.0,,4500.0,1,,8.0,128.0,6.5,60,4,1.0,64.0,32.0,0,,1,1,0,1080,2400,2592000,2.22,404.9,5.0,692.3,0.0625,147.2,samsung,other_proc,android,3,Flagship
61.0,4.0,1.6,5000.0,0,,4.0,32.0,6.5,60,1,1.0,20.0,13.0,1,128.0,0,0,0,720,1600,1152000,2.22,269.9,2.0,769.2,0.125,25.6,other_brand,other_proc,android,0,Budget
63.0,8.0,2.3,5000.0,0,,4.0,128.0,6.51,60,2,1.0,13.0,8.0,0,,0,0,0,720,1600,1152000,2.22,269.5,3.0,768.0,0.0312,73.6,vivo,helio,android,0,Budget
64.0,8.0,1.8,5000.0,0,,3.0,32.0,6.5,60,2,1.0,50.0,5.0,1,1024.0,0,0,0,720,1600,1152000,2.22,269.9,3.0,769.2,0.0938,43.2,realme,unisoc,android,0,Budget
70.0,8.0,2.3,5000.0,1,,4.0,64.0,6.51,60,3,1.0,13.0,16.0,1,256.0,0,0,0,720,1600,1152000,2.22,269.5,4.0,768.0,0.0625,73.6,oppo,helio,android,0,Budget
,8.0,3.2,4800.0,1,150.0,12.0,256.0,6.73,144,3,1.0,108.0,32.0,0,,1,1,0,1440,3412,4913280,2.37,550.3,4.0,713.2,0.0469,307.2,oneplus,snapdragon,android,3,Flagship
,8.0,2.84,4360.0,1,66.0,8.0,256.0,6.6,120,4,1.0,50.0,13.0,1,256.0,0,1,1,1288,2700,3477600,2.1,453.3,5.0,660.6,0.0312,181.76,huawei,snapdragon,other_os,3,Flagship
79.0,8.0,2.4,5000.0,1,18.0,6.0,128.0,6.5,90,3,1.0,48.0,16.0,1,1024.0,1,0,0,1080,2400,2592000,2.22,404.9,4.0,769.2,0.0469,115.2,realme,dimensity,android,1,Mid-Range
,8.0,,5000.0,1,10.0,2.0,32.0,6.51,60,1,1.0,8.0,5.0,1,1024.0,0,0,0,720,1600,1152000,2.22,269.5,2.0,768.0,0.0625,36.8,vivo,helio,android,0,Budget
87.0,8.0,3.0,4500.0,1,65.0,12.0,256.0,6.55,90,4,1.0,64.0,32.0,0,,1,1,0,1080,2400,2592000,2.22,401.8,5.0,687.0,0.0469,288.0,oppo,dimensity,android,2,Premium
68.0,8.0,2.3,5000.0,1,10.0,4.0,64.0,6.51,60,2,1.0,13.0,5.0,1,,0,0,0,720,1600,1152000,2.22,269.5,3.0,768.0,0.0625,73.6,vivo,helio,android,0,Budget
80.0,6.0,3.1,,0,,6.0,256.0,6.1,60,3,1.0,12.0,12.0,0,,1,1,0,1170,2532,2962440,2.16,457.3,4.0,819.7,0.0234,111.6,apple,bionic,ios,3,Flagship
82.0,8.0,2.5,4500.0,1,60.0,8.0,256.0,6.4,90,3,1.0,50.0,16.0,0,,1,0,0,1080,2400,2592000,2.22,411.2,4.0,703.1,0.0312,160.0,realme,dimensity,android,1,Mid-Range
73.0,8.0,2.0,5000.0,1,33.0,4.0,64.0,6.7,60,3,1.0,50.0,8.0,1,512.0,0,0,0,1080,2400,2592000,2.22,392.8,4.0,746.3,0.0625,64.0,infinix,helio,android,0,Budget
82.0,8.0,2.96,5160.0,1,33.0,6.0,128.0,6.67,120,4,1.0,48.0,20.0,1,,0,0,1,1080,2400,2592000,2.22,394.6,5.0,773.6,0.0469,142.08,poco,snapdragon,android,1,Mid-Range
81.0,8.0,2.05,5000.0,1,33.0,8.0,128.0,6.43,90,3,1.0,64.0,16.0,1,1024.0,0,0,1,1080,2400,2592000,2.22,409.3,4.0,777.6,0.0625,131.2,poco,helio,android,0,Budget
80.0,8.0,2.3,5020.0,1,33.0,6.0,64.0,6.67,60,4,1.0,64.0,32.0,1,512.0,0,0,1,1080,2400,2592000,2.22,394.6,5.0,752.6,0.0938,110.4,xiaomi,snapdragon,android,1,Mid-Range
69.0,8.0,1.8,6000.0,1,18.0,4.0,64.0,6.52,60,3,1.0,13.0,8.0,1,,0,0,0,720,1560,1123200,2.17,263.5,4.0,920.2,0.0625,57.6,oneplus,snapdragon,android,0,Budget
61.0,6.0,2.65,2050.0,1,,3.0,64.0,4.7,60,1,1.0,12.0,7.0,0,,0,1,0,750,1334,1000500,1.78,325.6,2.0,436.2,0.0469,47.7,apple,bionic,ios,1,Mid-Range
79.0,8.0,2.4,5000.0,1,44.0,6.0,128.0,6.44,60,3,1.0,50.0,16.0,1,1024.0,0,0,0,1080,2408,2600640,2.23,409.8,4.0,776.4,0.0469,115.2,vivo,snapdragon,android,1,Mid-Range
68.0,8.0,2.3,5000.0,1,15.0,4.0,64.0,6.5,60,2,1.0,13.0,5.0,1,1024.0,0,0,0,720,1600,1152000,2.22,269.9,3.0,769.2,0.0625,73.6,samsung,helio,android,0,Budget
82.0,8.0,2.4,4700.0,1,66.0,12.0,256.0,6.44,90,3,1.0,64.0,16.0,0,,1,0,0,1080,2404,2596320,2.23,409.2,4.0,729.8,0.0469,230.4,iqoo,snapdragon,android,1,Mid-Range
89.0,8.0,3.0,5000.0,1,30.0,8.0,256.0,6.1,120,3,1.0,12.0,12.0,1,,1,1,0,1080,2520,2721600,2.33,449.5,4.0,819.7,0.0312,192.0,sony,snapdragon,android,3,Flagship
,4.0,1.6,5000.0,0,,2.0,32.0,6.5,60,1,1.0,8.0,5.0,1,1024.0,0,0,0,720,1600,1152000,2.22,269.9,2.0,769.2,0.0625,12.8,samsung,unisoc,android,0,Budget
70.0,8.0,2.3,5000.0,0,,4.0,64.0,6.6,60,2,1.0,50.0,8.0,1,,0,0,0,720,1600,1152000,2.22,265.8,3.0,757.6,0.0625,73.6,tecno,helio,android,0,Budget
68.0,8.0,2.3,5000.0,0,,4.0,64.0,6.53,60,2,1.0,13.0,5.0,1,512.0,0,0,0,720,1600,1152000,2.22,268.7,3.0,765.7,0.0625,73.6,xiaomi,helio,android,0,Budget
71.0,8.0,2.0,5000.0,1,10.0,4.0,64.0,6.5,60,3,1.0,50.0,5.0,1,,0,0,0,720,1600,1152000,2.22,269.9,4.0,769.2,0.0625,64.0,honor,helio,android,0,Budget
75.0,8.0,2.4,5000.0,1,33.0,4.0,64.0,6.6,90,3,1.0,50.0,16.0,1,,0,1,0,1080,2460,2656800,2.28,407.1,4.0,757.6,0.0625,76.8,motorola,snapdragon,android,0,Budget
83.0,8.0,3.2,4520.0,1,33.0,8.0,128.0,6.67,120,3,1.0,48.0,20.0,0,,1,0,1,1080,2400,2592000,2.22,394.6,4.0,677.7,0.0625,204.8,xiaomi,snapdragon,android,1,Mid-Range
79.0,8.0,2.2,5000.0,1,33.0,8.0,128.0,6.4,90,2,1.0,50.0,16.0,1,1024.0,0,0,0,1080,2400,2592000,2.22,411.2,3.0,781.2,0.0625,140.8,realme,helio,android,1,Mid-Range
76.0,8.0,2.4,5000.0,1,33.0,6.0,128.0,6.56,90,2,1.0,48.0,8.0,1,,1,0,0,720,1600,1152000,2.22,267.5,3.0,762.2,0.0469,115.2,oppo,snapdragon,android,1,Mid-Range
88.0,8.0,2.9,4000.0,1,25.0,8.0,128.0,6.2,120,3,1.0,64.0,10.0,0,,1,1,0,1080,2400,2592000,2.22,424.5,4.0,645.2,0.0625,185.6,samsung,exynos,android,2,Premium
72.0,8.0,2.0,6000.0,1,18.0,4.0,64.0,6.5,60,3,1.0,48.0,8.0,1,256.0,0,0,0,720,1600,1152000,2.22,269.9,4.0,923.1,0.0625,64.0,realme,helio,android,0,Budget
74.0,8.0,2.0,7000.0,1,18.0,4.0,64.0,6.95,60,4,1.0,48.0,8.0,1,256.0,0,0,0,1080,2460,2656800,2.28,386.6,5.0,1007.2,0.0625,64.0,tecno,helio,android,0,Budget
77.0,8.0,2.05,5000.0,1,18.0,8.0,128.0,6.78,60,2,1.0,50.0,8.0,1,,0,0,0,1080,2460,2656800,2.28,396.3,3.0,737.5,0.0625,131.2,infinix,helio,android,0,Budget
79.0,6.0,3.22,3240.0,1,,4.0,256.0,6.1,60,2,1.0,12.0,12.0,0,,1,1,0,1170,2532,2962440,2.16,457.3,3.0,531.1,0.0156,77.28,apple,bionic,ios,3,Flagship
81.0,8.0,2.4,5000.0,1,33.0,6.0,128.0,6.6,90,2,1.0,50.0,16.0,1,1024.0,1,0,1,1080,2400,2592000,2.22,398.8,3.0,757.6,0.0469,115.2,xiaomi,dimensity,android,1,Mid-Range
78.0,6.0,,4323.0,1,,6.0,512.0,6.7,120,3,1.0,48.0,12.0,0,,1,1,0,1290,2796,3606840,2.17,459.6,4.0,645.2,0.0117,82.8,apple,bionic,ios,3,Flagship
78.0,8.0,2.05,5000.0,1,33.0,6.0,64.0,6.43,60,4,1.0,64.0,13.0,1,512.0,0,0,1,1080,2400,2592000,2.22,409.3,5.0,777.6,0.0938,98.4,xiaomi,helio,android,0,Budget
82.0,8.0,2.4,5000.0,1,33.0,8.0,128.0,6.5,90,3,1.0,64.0,16.0,1,1024.0,1,0,0,1080,2400,2592000,2.22,404.9,4.0,769.2,0.0625,153.6,realme,dimensity,android,1,Mid-Range
87.0,8.0,3.0,4300.0,1,44.0,12.0,256.0,6.56,90,3,2.0,108.0,50.0,0,,1,0,0,1080,2376,2566080,2.2,397.9,5.0,655.5,0.0469,288.0,vivo,dimensity,android,2,Premium
78.0,8.0,2.2,5000.0,1,25.0,4.0,128.0,6.6,120,3,1.0,50.0,8.0,1,1024.0,1,1,0,1080,2408,2600640,2.23,399.9,4.0,757.6,0.0312,70.4,samsung,snapdragon,android,1,Mid-Range
71.0,8.0,2.4,6000.0,1,18.0,4.0,128.0,6.8,120,2,1.0,50.0,8.0,1,1024.0,0,0,0,1080,2400,2592000,2.22,387.0,3.0,882.4,0.0312,76.8,tecno,dimensity,android,1,Mid-Range
66.0,8.0,2.0,5000.0,0,,4.0,64.0,6.53,60,1,1.0,13.0,5.0,1,512.0,0,0,0,720,1600,1152000,2.22,268.7,2.0,765.7,0.0625,64.0,xiaomi,helio,android,0,Budget
85.0,8.0,3.2,4400.0,1,66.0,12.0,256.0,6.62,120,3,1.0,48.0,16.0,0,,1,1,0,1080,2400,2592000,2.22,397.6,4.0,664.7,0.0469,307.2,iqoo,snapdragon,android,2,Premium
77.0,8.0,2.0,5000.0,1,33.0,6.0,128.0,6.6,120,3,1.0,50.0,16.0,1,256.0,0,0,0,1080,2412,2604960,2.23,400.4,4.0,757.6,0.0469,96.0,realme,helio,android,1,Mid-Range
77.0,8.0,2.0,4300.0,1,30.0,8.0,128.0,6.55,90,3,1.0,48.0,16.0,0,,0,0,0,1080,2400,2592000,2.22,401.8,4.0,656.5,0.0625,128.0,oneplus,snapdragon,android,1,Mid-Range
77.0,8.0,2.2,5000.0,0,,4.0,64.0,6.8,120,3,1.0,50.0,13.0,1,512.0,1,1,0,1080,2400,2592000,2.22,387.0,4.0,735.3,0.0625,70.4,motorola,snapdragon,android,0,Budget
66.0,8.0,1.82,6000.0,1,18.0,4.0,64.0,6.82,90,2,1.0,13.0,8.0,1,256.0,0,0,0,720,1640,1180800,2.28,262.6,3.0,879.8,0.0625,58.24,infinix,tiger,android,0,Budget
74.0,8.0,2.2,5000.0,1,18.0,4.0,64.0,6.58,90,3,1.0,50.0,8.0,1,512.0,0,0,1,1080,2400,2592000,2.22,400.0,4.0,759.9,0.0625,70.4,xiaomi,helio,android,0,Budget
82.0,8.0,3.2,4500.0,1,67.0,6.0,128.0,6.67,120,3,1.0,64.0,20.0,0,,1,1,0,1080,2400,2592000,2.22,394.6,4.0,674.7,0.0469,153.6,poco,snapdragon,android,1,Mid-Range
74.0,8.0,2.0,6000.0,1,15.0,4.0,64.0,6.6,60,3,1.0,50.0,8.0,1,1024.0,0,1,0,1080,2408,2600640,2.23,399.9,4.0,909.1,0.0625,64.0,samsung,exynos,android,0,Budget
80.0,8.0,3.0,5000.0,1,,8.0,128.0,6.7,60,3,1.0,48.0,16.0,0,,1,0,0,1080,2400,2592000,2.22,392.8,4.0,746.3,0.0625,192.0,samsung,dimensity,android,2,Premium
77.0,8.0,,5000.0,1,120.0,12.0,256.0,6.67,120,3,1.0,50.0,32.0,0,,1,1,0,1080,2400,2592000,2.22,394.6,4.0,749.6,0.0469,220.8,vivo,dimensity,android,2,Premium
,8.0,3.2,4800.0,1,67.0,12.0,256.0,6.73,120,3,1.0,50.0,20.0,0,,1,1,1,1440,3200,4608000,2.22,521.4,4.0,713.2,0.0469,307.2,xiaomi,snapdragon,android,3,Flagship
,8.0,2.96,4050.0,1,40.0,12.0,512.0,7.92,60,3,1.0,108.0,,0,,1,0,0,2088,2250,4698000,1.08,387.6,4.0,511.4,0.0234,284.16,xiaomi,snapdragon,android,3,Flagship
82.0,8.0,2.3,6000.0,1,15.0,6.0,128.0,6.4,60,3,1.0,64.0,32.0,1,512.0,0,0,0,1080,2340,2527200,2.17,402.7,4.0,937.5,0.0469,110.4,samsung,exynos,android,1,Mid-Range
84.0,8.0,2.4,6000.0,1,25.0,6.0,128.0,6.5,120,4,1.0,64.0,32.0,1,,1,1,0,1080,2400,2592000,2.22,404.9,5.0,923.1,0.0469,115.2,samsung,exynos,android,1,Mid-Range
77.0,8.0,2.0,6000.0,1,18.0,6.0,128.0,6.5,90,4,1.0,50.0,8.0,1,512.0,0,0,1,1080,2400,2592000,2.22,404.9,5.0,923.1,0.0469,96.0,xiaomi,helio,android,0,Budget
76.0,8.0,2.2,5000.0,1,33.0,4.0,64.0,6.6,90,3,1.0,50.0,16.0,1,,1,1,0,1080,2460,2656800,2.28,407.1,4.0,757.6,0.0625,70.4,motorola,snapdragon,android,1,Mid-Range
76.0,6.0,,3200.0,1,,6.0,256.0,6.1,120,3,1.0,48.0,12.0,0,,1,1,0,1179,2556,3013524,2.17,461.4,4.0,524.6,0.0234,82.8,apple,bionic,ios,3,Flagship
,4.0,1.3,3000.0,0,,3.0,32.0,5.5,60,1,1.0,13.0,8.0,1,,0,0,0,720,1440,1036800,2.0,292.7,2.0,545.5,0.0938,15.6,other_brand,snapdragon,android,0,Budget
71.0,8.0,2.0,6000.0,1,18.0,4.0,64.0,6.5,60,3,1.0,50.0,8.0,1,256.0,0,0,0,720,1600,1152000,2.22,269.9,4.0,923.1,0.0625,64.0,realme,helio,android,0,Budget
75.0,8.0,,4830.0,1,67.0,8.0,128.0,6.6,120,2,1.0,50.0,10.1,0,,1,1,0,1080,2400,2592000,2.22,398.8,3.0,731.8,0.0625,147.2,google,google,android,3,Flagship
86.0,8.0,2.7,4500.0,1,25.0,8.0,256.0,6.7,60,3,1.0,16.0,10.0,1,512.0,1,1,0,1440,3040,4377600,2.11,502.1,4.0,671.6,0.0312,172.8,samsung,exynos,android,3,Flagship
,8.0,3.0,5000.0,1,30.0,12.0,512.0,6.5,120,4,1.0,12.0,12.0,1,,1,1,0,1644,3840,6312960,2.34,642.6,5.0,769.2,0.0234,288.0,sony,snapdragon,android,3,Flagship
82.0,6.0,3.22,3279.0,1,,6.0,512.0,6.1,60,2,1.0,12.0,12.0,0,,1,1,0,1170,2532,2962440,2.16,457.3,3.0,537.5,0.0117,115.92,apple,bionic,ios,3,Flagship
,8.0,3.2,4610.0,1,125.0,8.0,128.0,6.67,144,3,1.0,200.0,60.0,0,,1,1,0,1080,2400,2592000,2.22,394.6,4.0,691.2,0.0625,204.8,motorola,snapdragon,android,3,Flagship
73.0,8.0,2.2,5000.0,0,,4.0,128.0,6.5,90,3,1.0,50.0,8.0,1,1024.0,1,0,0,720,1600,1152000,2.22,269.9,4.0,769.2,0.0312,70.4,other_brand,dimensity,android,0,Budget
69.0,8.0,2.0,5000.0,0,,6.0,128.0,6.53,60,1,1.0,13.0,5.0,1,512.0,0,0,0,720,1600,1152000,2.22,268.7,2.0,765.7,0.0469,96.0,xiaomi,helio,android,0,Budget
81.0,8.0,2.05,5000.0,1,33.0,8.0,128.0,6.8,120,3,1.0,64.0,32.0,0,,0,0,0,1080,2460,2656800,2.28,395.1,4.0,735.3,0.0625,131.2,tecno,helio,android,1,Mid-Range
80.0,8.0,2.4,5000.0,1,44.0,6.0,128.0,6.44,120,3,1.0,50.0,16.0,1,1024.0,0,0,0,1080,2400,2592000,2.22,408.7,4.0,776.4,0.0469,115.2,iqoo,snapdragon,android,1,Mid-Range
89.0,8.0,3.2,5000.0,1,120.0,16.0,256.0,6.78,144,3,1.0,50.0,16.0,0,,1,1,0,1440,3200,4608000,2.22,517.6,4.0,737.5,0.0625,409.6,iqoo,snapdragon,android,3,Flagship
61.0,8.0,1.82,5000.0,1,10.0,3.0,32.0,6.5,60,1,1.0,8.0,5.0,1,1024.0,0,0,0,720,1600,1152000,2.22,269.9,2.0,769.2,0.0938,43.68,realme,tiger,android,0,Budget
80.0,8.0,2.05,4000.0,1,33.0,8.0,128.0,6.44,60,3,1.0,64.0,16.0,1,,0,0,0,1080,2400,2592000,2.22,408.7,4.0,621.1,0.0625,131.2,vivo,helio,android,1,Mid-Range
79.0,,,4352.0,1,25.0,8.0,256.0,6.68,120,3,1.0,50.0,12.0,0,,1,1,0,1284,2778,3566952,2.16,458.1,4.0,651.5,0.0312,147.2,apple,bionic,ios,3,Flagship
66.0,8.0,1.6,5000.0,1,15.0,3.0,32.0,6.5,60,2,1.0,48.0,5.0,1,1024.0,0,0,0,720,1560,1123200,2.17,264.3,3.0,769.2,0.0938,38.4,samsung,unisoc,android,0,Budget
86.0,8.0,2.5,4800.0,1,66.0,8.0,256.0,6.67,120,3,1.0,54.0,32.0,0,,1,1,0,1080,2400,2592000,2.22,394.6,4.0,719.6,0.0312,160.0,honor,snapdragon,android,2,Premium
85.0,8.0,3.2,4800.0,1,150.0,8.0,128.0,6.7,120,3,1.0,50.0,16.0,0,,1,1,0,1080,2412,2604960,2.23,394.4,4.0,716.4,0.0625,204.8,oneplus,snapdragon,android,2,Premium
71.0,8.0,2.3,5000.0,1,,4.0,128.0,6.51,60,3,1.0,13.0,16.0,1,256.0,0,0,0,720,1600,1152000,2.22,269.5,4.0,768.0,0.0312,73.6,oppo,helio,android,0,Budget
86.0,8.0,2.5,4500.0,1,33.0,8.0,256.0,6.55,120,2,1.0,50.0,16.0,0,,1,1,0,1080,2400,2592000,2.22,401.8,3.0,687.0,0.0312,160.0,other_brand,snapdragon,android,1,Mid-Range
78.0,8.0,2.4,5000.0,1,33.0,6.0,128.0,6.6,90,3,1.0,50.0,16.0,1,1024.0,0,0,0,1080,2412,2604960,2.23,400.4,4.0,757.6,0.0469,115.2,realme,snapdragon,android,0,Budget
78.0,8.0,2.05,4500.0,1,18.0,6.0,64.0,6.53,60,4,1.0,64.0,20.0,1,512.0,0,0,1,1080,2340,2527200,2.17,394.7,5.0,689.1,0.0938,98.4,xiaomi,helio,android,1,Mid-Range
60.0,8.0,2.3,5000.0,1,10.0,2.0,32.0,6.51,60,1,1.0,8.0,5.0,1,,0,0,0,720,1600,1152000,2.22,269.5,2.0,768.0,0.0625,36.8,vivo,helio,android,0,Budget
79.0,8.0,2.4,5000.0,1,33.0,6.0,64.0,6.43,90,4,1.0,50.0,13.0,1,512.0,0,0,1,1080,2400,2592000,2.22,409.3,5.0,777.6,0.0938,115.2,xiaomi,snapdragon,android,0,Budget
65.0,8.0,2.0,4100.0,0,,4.0,64.0,5.5,60,1,1.0,13.0,5.0,1,128.0,0,0,0,1080,1920,2073600,1.78,400.5,2.0,745.5,0.0625,64.0,xiaomi,snapdragon,android,0,Budget
67.0,8.0,1.8,5000.0,0,,4.0,64.0,6.5,60,2,1.0,50.0,5.0,1,1024.0,0,0,0,720,1600,1152000,2.22,269.9,3.0,769.2,0.0625,57.6,realme,unisoc,android,0,Budget
71.0,8.0,1.8,5000.0,0,,4.0,64.0,6.5,90,3,1.0,48.0,8.0,1,1024.0,0,0,0,720,1600,1152000,2.22,269.9,4.0,769.2,0.0625,57.6,motorola,tiger,android,0,Budget
79.0,8.0,2.2,5000.0,1,10.0,4.0,128.0,6.5,120,2,1.0,50.0,16.0,1,1024.0,1,1,0,720,1600,1152000,2.22,269.9,3.0,769.2,0.0312,70.4,motorola,snapdragon,android,1,Mid-Range
,8.0,,5000.0,1,10.0,3.0,32.0,6.51,60,1,1.0,8.0,5.0,1,1024.0,0,0,0,720,1600,1152000,2.22,269.5,2.0,768.0,0.0938,55.2,vivo,helio,android,0,Budget
80.0,8.0,2.3,5020.0,1,18.0,6.0,128.0,6.67,60,4,1.0,48.0,16.0,1,512.0,0,0,1,1080,2400,2592000,2.22,394.6,5.0,752.6,0.0469,110.4,xiaomi,snapdragon,android,0,Budget
,8.0,3.2,4800.0,1,66.0,12.0,256.0,8.03,120,3,1.0,50.0,32.0,0,,1,1,0,1916,2160,4138560,1.13,359.6,4.0,597.8,0.0469,307.2,vivo,snapdragon,android,3,Flagship
87.0,8.0,2.9,4500.0,1,25.0,8.0,128.0,6.4,120,3,1.0,12.0,32.0,0,,1,1,0,1080,2340,2527200,2.17,402.7,4.0,703.1,0.0625,185.6,samsung,exynos,android,2,Premium
65.0,8.0,2.0,4230.0,0,,3.0,32.0,6.52,60,1,1.0,13.0,5.0,1,1024.0,0,0,0,720,1600,1152000,2.22,269.1,2.0,648.8,0.0938,48.0,oppo,helio,android,0,Budget
75.0,8.0,2.0,5000.0,1,25.0,4.0,64.0,6.6,60,4,1.0,50.0,8.0,1,1024.0,0,0,0,1080,2408,2600640,2.23,399.9,5.0,757.6,0.0625,64.0,samsung,other_proc,android,0,Budget
84.0,8.0,2.2,5000.0,1,67.0,8.0,128.0,6.67,120,3,1.0,64.0,16.0,1,1024.0,1,0,1,1080,2400,2592000,2.22,394.6,4.0,749.6,0.0625,140.8,poco,snapdragon,android,1,Mid-Range
71.0,8.0,2.3,5000.0,1,,4.0,128.0,6.35,60,3,1.0,13.0,16.0,1,256.0,0,0,0,720,1544,1111680,2.14,268.3,4.0,787.4,0.0312,73.6,vivo,helio,android,0,Budget
83.0,8.0,2.2,5000.0,1,67.0,6.0,128.0,6.67,120,3,1.0,108.0,16.0,1,1024.0,1,0,1,1080,2400,2592000,2.22,394.6,4.0,749.6,0.0469,105.6,xiaomi,snapdragon,android,1,Mid-Range
86.0,8.0,2.2,5000.0,1,30.0,8.0,128.0,6.6,120,3,1.0,50.0,16.0,1,1024.0,1,1,0,1080,2400,2592000,2.22,398.8,4.0,757.6,0.0625,140.8,motorola,snapdragon,android,1,Mid-Range
79.0,8.0,2.05,5000.0,1,33.0,8.0,128.0,6.7,60,3,1.0,50.0,16.0,1,,0,0,0,1080,2400,2592000,2.22,392.8,4.0,746.3,0.0625,131.2,infinix,helio,android,1,Mid-Range
73.0,8.0,2.4,5000.0,1,33.0,6.0,128.0,6.56,90,2,1.0,13.0,8.0,1,,0,0,0,720,1612,1160640,2.24,269.1,3.0,762.2,0.0469,115.2,oppo,snapdragon,android,1,Mid-Range
78.0,6.0,,4323.0,1,,6.0,1024.0,6.7,120,3,1.0,48.0,12.0,0,,1,1,0,1290,2796,3606840,2.17,459.6,4.0,645.2,0.0059,82.8,apple,bionic,ios,3,Flagship
,8.0,1.6,5000.0,0,,2.0,32.0,6.5,60,1,1.0,8.0,5.0,1,256.0,0,0,0,720,1600,1152000,2.22,269.9,2.0,769.2,0.0625,25.6,realme,unisoc,android,0,Budget
81.0,8.0,3.2,5000.0,1,80.0,8.0,128.0,6.62,120,3,1.0,64.0,16.0,0,,1,0,0,1080,2400,2592000,2.22,397.6,4.0,755.3,0.0625,204.8,realme,snapdragon,android,1,Mid-Range
82.0,8.0,2.2,4000.0,1,30.0,8.0,128.0,6.4,60,4,1.0,64.0,32.0,1,256.0,0,0,0,1080,2340,2527200,2.17,402.7,5.0,625.0,0.0625,140.8,oppo,snapdragon,android,1,Mid-Range
,4.0,1.3,4000.0,0,,2.0,32.0,6.6,60,3,1.0,8.0,8.0,1,32.0,0,0,0,720,1600,1152000,2.22,265.8,4.0,606.1,0.0625,10.4,itel,other_proc,android,0,Budget
84.0,6.0,3.22,4352.0,1,,6.0,128.0,6.7,120,3,1.0,12.0,12.0,0,,1,1,0,1284,2778,3566952,2.16,456.8,4.0,649.6,0.0469,115.92,apple,bionic,ios,3,Flagship
84.0,8.0,2.6,4980.0,1,120.0,6.0,128.0,6.67,120,3,1.0,200.0,16.0,0,,1,0,1,1080,2400,2592000,2.22,394.6,4.0,746.6,0.0469,124.8,xiaomi,dimensity,android,1,Mid-Range
87.0,8.0,3.2,4500.0,1,68.0,8.0,128.0,6.67,144,3,1.0,50.0,32.0,0,,1,1,0,1080,2400,2592000,2.22,394.6,4.0,674.7,0.0625,204.8,motorola,snapdragon,android,2,Premium
82.0,8.0,2.6,5000.0,1,67.0,6.0,128.0,6.7,120,3,1.0,108.0,16.0,0,,1,0,0,1080,2412,2604960,2.23,394.4,4.0,746.3,0.0469,124.8,realme,dimensity,android,1,Mid-Range
87.0,8.0,3.2,6000.0,1,33.0,6.0,128.0,6.51,144,4,1.0,200.0,16.0,1,,1,0,0,1080,2400,2592000,2.22,404.3,5.0,921.7,0.0469,153.6,nokia,snapdragon,other_os,2,Premium
78.0,8.0,2.5,4500.0,1,60.0,6.0,128.0,6.4,90,3,1.0,50.0,16.0,0,,1,0,0,1080,2400,2592000,2.22,411.2,4.0,703.1,0.0469,120.0,realme,dimensity,android,1,Mid-Range
69.0,8.0,2.2,3100.0,1,15.0,4.0,64.0,5.9,60,2,1.0,16.0,25.0,1,512.0,0,0,0,1080,2340,2527200,2.17,436.8,3.0,525.4,0.0625,70.4,samsung,exynos,android,1,Mid-Range
74.0,8.0,1.82,5000.0,1,18.0,4.0,128.0,6.6,60,3,1.0,50.0,8.0,1,1024.0,0,0,0,1080,2408,2600640,2.23,399.9,4.0,757.6,0.0312,58.24,realme,tiger,android,0,Budget
80.0,8.0,2.84,5000.0,1,33.0,6.0,128.0,6.67,144,3,1.0,64.0,20.0,0,,1,1,0,1080,2400,2592000,2.22,394.6,4.0,749.6,0.0469,136.32,xiaomi,snapdragon,android,1,Mid-Range
76.0,8.0,2.2,5000.0,1,18.0,4.0,128.0,6.5,90,3,1.0,48.0,8.0,1,512.0,1,0,1,1080,2400,2592000,2.22,404.9,4.0,769.2,0.0312,70.4,xiaomi,dimensity,android,0,Budget
75.0,8.0,2.0,6000.0,1,15.0,4.0,64.0,6.4,90,4,1.0,64.0,20.0,1,1024.0,0,0,0,1080,2400,2592000,2.22,411.2,5.0,937.5,0.0625,64.0,samsung,helio,android,0,Budget
83.0,8.0,3.1,5000.0,1,120.0,8.0,128.0,6.78,120,3,1.0,64.0,16.0,0,,1,1,0,1080,2400,2592000,2.22,388.2,4.0,737.5,0.0625,198.4,iqoo,dimensity,android,1,Mid-Range
,4.0,1.3,4000.0,0,,1.0,16.0,6.1,60,2,1.0,5.0,5.0,1,,0,0,0,720,1520,1094400,2.11,275.7,3.0,655.7,0.0625,5.2,tecno,other_proc,android,0,Budget
66.0,8.0,2.0,5000.0,1,10.0,4.0,64.0,6.53,60,1,1.0,13.0,5.0,1,512.0,0,0,0,720,1600,1152000,2.22,268.7,2.0,765.7,0.0625,64.0,xiaomi,helio,android,0,Budget
84.0,8.0,2.85,5080.0,1,67.0,8.0,128.0,6.6,144,3,1.0,64.0,16.0,0,,1,1,1,1080,2460,2656800,2.28,407.1,4.0,769.7,0.0625,182.4,poco,dimensity,android,1,Mid-Range
68.0,8.0,2.0,5000.0,0,,3.0,64.0,6.35,60,3,1.0,13.0,8.0,1,256.0,0,0,0,720,1544,1111680,2.14,268.3,4.0,787.4,0.0469,48.0,vivo,helio,android,0,Budget
72.0,8.0,2.0,5000.0,1,18.0,4.0,64.0,6.53,60,3,1.0,16.0,16.0,1,256.0,0,0,0,1080,2340,2527200,2.17,394.7,4.0,765.7,0.0625,64.0,vivo,snapdragon,android,0,Budget
85.0,8.0,3.2,4700.0,1,80.0,8.0,128.0,6.62,120,3,1.0,64.0,16.0,1,1024.0,1,0,0,1080,2400,2592000,2.22,397.6,4.0,710.0,0.0625,204.8,vivo,snapdragon,android,1,Mid-Range
,8.0,1.6,4000.0,0,,3.0,32.0,6.09,60,2,1.0,8.0,5.0,1,128.0,0,0,0,720,1520,1094400,2.11,276.2,3.0,656.8,0.0938,38.4,itel,unisoc,android,0,Budget
,8.0,,4000.0,0,,4.0,32.0,6.5,60,3,1.0,13.0,8.0,0,,0,0,0,720,1560,1123200,2.17,264.3,4.0,615.4,0.125,73.6,other_brand,unisoc,android,0,Budget
77.0,6.0,,4323.0,1,,6.0,256.0,6.7,120,3,1.0,48.0,12.0,0,,1,1,0,1290,2796,3606840,2.17,459.6,4.0,645.2,0.0234,82.8,apple,bionic,ios,3,Flagship
89.0,8.0,2.84,4000.0,1,21.0,8.0,256.0,6.5,60,4,1.0,12.0,8.0,1,,1,1,0,1644,3840,6312960,2.34,642.6,5.0,615.4,0.0312,181.76,sony,snapdragon,android,3,Flagship
89.0,8.0,2.4,5000.0,1,25.0,8.0,128.0,6.5,120,4,1.0,64.0,32.0,1,1024.0,1,1,0,1080,2400,2592000,2.22,404.9,5.0,769.2,0.0625,153.6,samsung,exynos,android,2,Premium
87.0,8.0,2.4,5000.0,1,30.0,6.0,128.0,6.67,90,3,1.0,108.0,32.0,1,1024.0,1,1,0,1080,2400,2592000,2.22,394.6,4.0,749.6,0.0469,115.2,motorola,dimensity,android,1,Mid-Range
82.0,8.0,2.2,5000.0,1,18.0,8.0,128.0,6.58,60,3,1.0,50.0,16.0,1,,1,0,0,1080,2408,2600640,2.23,401.1,4.0,759.9,0.0625,140.8,vivo,dimensity,android,1,Mid-Range
82.0,8.0,2.85,5080.0,1,67.0,6.0,128.0,6.6,144,3,1.0,64.0,16.0,1,1024.0,1,1,1,1080,2460,2656800,2.28,407.1,4.0,769.7,0.0469,136.8,xiaomi,dimensity,android,1,Mid-Range
82.0,8.0,2.2,5000.0,1,33.0,6.0,128.0,6.72,120,2,1.0,108.0,16.0,1,1024.0,1,0,0,1080,2400,2592000,2.22,391.6,3.0,744.0,0.0469,105.6,realme,snapdragon,android,1,Mid-Range
83.0,6.0,3.22,3095.0,1,,6.0,256.0,6.1,120,3,1.0,12.0,12.0,0,,1,1,0,1170,2532,2962440,2.16,457.3,4.0,507.4,0.0234,115.92,apple,bionic,ios,3,Flagship
84.0,8.0,2.2,5000.0,1,,8.0,128.0,6.55,120,3,1.0,50.0,16.0,1,1024.0,1,0,0,1080,2400,2592000,2.22,401.8,4.0,763.4,0.0625,140.8,motorola,snapdragon,android,1,Mid-Range
71.0,8.0,2.0,5000.0,0,,4.0,64.0,6.35,60,3,1.0,13.0,16.0,1,256.0,0,0,0,720,1544,1111680,2.14,268.3,4.0,787.4,0.0625,64.0,vivo,helio,android,0,Budget
84.0,8.0,2.6,4350.0,1,65.0,8.0,128.0,6.53,90,4,1.0,64.0,32.0,0,,1,0,0,1080,2400,2592000,2.22,403.0,5.0,666.2,0.0625,166.4,oppo,dimensity,android,2,Premium
79.0,8.0,3.2,5000.0,1,80.0,6.0,128.0,6.62,120,3,1.0,64.0,16.0,0,,1,0,0,1080,2400,2592000,2.22,397.6,4.0,755.3,0.0469,153.6,realme,snapdragon,android,1,Mid-Range
75.0,8.0,2.4,5000.0,1,33.0,4.0,64.0,6.55,90,3,1.0,50.0,16.0,1,1024.0,0,0,0,1080,2400,2592000,2.22,401.8,4.0,763.4,0.0625,76.8,motorola,snapdragon,android,0,Budget
,8.0,3.2,4500.0,1,100.0,8.0,128.0,6.7,120,3,1.0,50.0,16.0,0,,1,1,0,1440,3216,4631040,2.23,525.9,4.0,671.6,0.0625,204.8,oneplus,snapdragon,android,3,Flagship
66.0,8.0,2.3,5000.0,1,15.0,4.0,64.0,6.5,60,2,1.0,13.0,5.0,1,1024.0,0,0,0,720,1600,1152000,2.22,269.9,3.0,769.2,0.0625,73.6,samsung,helio,android,0,Budget
72.0,8.0,2.0,8000.0,0,,6.0,128.0,5.86,60,3,1.0,16.0,8.0,1,,0,1,0,720,1520,1094400,2.11,287.0,4.0,1365.2,0.0469,96.0,other_brand,helio,android,1,Mid-Range
77.0,8.0,2.2,5000.0,1,18.0,6.0,128.0,6.58,90,2,1.0,50.0,5.0,1,512.0,1,0,1,1080,2408,2600640,2.23,401.1,3.0,759.9,0.0469,105.6,xiaomi,dimensity,android,1,Mid-Range
74.0,8.0,2.2,5000.0,1,18.0,4.0,64.0,6.58,90,2,1.0,50.0,5.0,1,512.0,1,0,1,1080,2408,2600640,2.23,401.1,3.0,759.9,0.0625,70.4,xiaomi,dimensity,android,0,Budget
,4.0,1.3,4000.0,0,,1.0,16.0,6.5,60,3,1.0,8.0,8.0,1,32.0,0,0,0,720,1600,1152000,2.22,269.9,4.0,615.4,0.0625,5.2,itel,unisoc,android,0,Budget
82.0,8.0,2.2,5000.0,1,33.0,8.0,128.0,6.6,120,3,1.0,64.0,16.0,1,256.0,1,0,0,1080,2412,2604960,2.23,400.4,4.0,757.6,0.0625,140.8,realme,snapdragon,android,1,Mid-Range
82.0,8.0,2.2,9800.0,1,66.0,12.0,256.0,6.78,120,3,1.0,64.0,,0,,0,0,0,1080,2400,2592000,2.22,388.2,4.0,1445.4,0.0469,211.2,other_brand,helio,android,1,Mid-Range
87.0,8.0,3.2,4800.0,1,150.0,12.0,256.0,6.7,120,3,1.0,50.0,16.0,0,,1,1,0,1080,2412,2604960,2.23,394.4,4.0,716.4,0.0469,307.2,oneplus,snapdragon,android,3,Flagship
71.0,8.0,2.3,5000.0,1,33.0,4.0,128.0,6.56,60,2,1.0,50.0,8.0,1,,0,0,0,720,1600,1152000,2.22,267.5,3.0,762.2,0.0312,73.6,oppo,helio,android,1,Mid-Range
85.0,8.0,2.4,4300.0,1,66.0,6.0,128.0,6.57,120,4,1.0,108.0,32.0,0,,1,1,0,1080,2340,2527200,2.17,392.3,5.0,654.5,0.0469,115.2,honor,snapdragon,android,2,Premium
63.0,8.0,2.0,5000.0,0,,4.0,64.0,6.6,90,2,1.0,13.0,8.0,1,256.0,0,0,0,720,1612,1160640,2.24,267.5,3.0,757.6,0.0625,64.0,tecno,unisoc,android,0,Budget
79.0,8.0,2.2,5000.0,1,18.0,6.0,128.0,6.58,90,2,1.0,50.0,8.0,1,512.0,1,0,1,1080,2400,2592000,2.22,400.0,3.0,759.9,0.0469,105.6,poco,dimensity,android,0,Budget
,8.0,3.2,4500.0,1,67.0,12.0,256.0,8.02,120,3,1.0,50.0,20.0,0,,1,1,1,1914,2160,4134240,1.13,359.9,4.0,561.1,0.0469,307.2,xiaomi,snapdragon,android,3,Flagship
89.0,8.0,2.5,4500.0,1,180.0,8.0,256.0,6.8,120,3,1.0,200.0,32.0,1,,1,0,0,1080,2400,2592000,2.22,387.0,4.0,661.8,0.0312,160.0,infinix,dimensity,android,2,Premium
89.0,8.0,2.73,4000.0,1,25.0,8.0,128.0,6.2,60,3,1.0,64.0,10.0,1,1024.0,1,1,0,1440,3200,4608000,2.22,566.0,4.0,645.2,0.0625,174.72,samsung,exynos,android,3,Flagship
74.0,8.0,2.4,5000.0,1,18.0,4.0,128.0,6.51,90,3,1.0,50.0,8.0,1,1024.0,0,0,0,720,1600,1152000,2.22,269.5,4.0,768.0,0.0312,76.8,vivo,snapdragon,android,1,Mid-Range
78.0,8.0,2.8,3500.0,1,,6.0,128.0,6.2,60,2,1.0,12.0,8.0,1,512.0,0,1,0,1440,2960,4262400,2.06,530.9,3.0,564.5,0.0469,134.4,samsung,exynos,android,2,Premium
80.0,8.0,2.2,5000.0,1,15.0,6.0,128.0,6.6,90,3,1.0,64.0,8.0,1,1024.0,1,0,0,1080,2408,2600640,2.23,399.9,4.0,757.6,0.0469,105.6,samsung,dimensity,android,1,Mid-Range
83.0,8.0,3.2,4400.0,1,66.0,8.0,128.0,6.62,120,3,1.0,48.0,16.0,0,,1,1,0,1080,2400,2592000,2.22,397.6,4.0,664.7,0.0625,204.8,iqoo,snapdragon,android,1,Mid-Range
72.0,,,3285.0,1,,6.0,128.0,6.06,60,2,1.0,50.0,13.0,0,,0,1,0,1170,2532,2962440,2.16,460.3,3.0,542.1,0.0469,110.4,apple,bionic,ios,3,Flagship
73.0,8.0,2.2,5000.0,1,15.0,4.0,64.0,6.5,90,3,1.0,50.0,5.0,1,,1,1,0,720,1600,1152000,2.22,269.9,4.0,769.2,0.0625,70.4,samsung,dimensity,android,1,Mid-Range
74.0,8.0,2.0,5000.0,1,33.0,4.0,64.0,6.6,120,3,1.0,50.0,16.0,1,256.0,0,0,0,1080,2412,2604960,2.23,400.4,4.0,757.6,0.0625,64.0,realme,helio,android,0,Budget
62.0,8.0,1.82,5000.0,0,,3.0,32.0,6.52,60,3,1.0,13.0,5.0,1,1024.0,0,0,0,720,1600,1152000,2.22,269.1,4.0,766.9,0.0938,43.68,realme,tiger,android,0,Budget
84.0,8.0,2.85,4500.0,1,150.0,8.0,128.0,6.7,120,3,1.0,50.0,16.0,0,,1,1,0,1080,2412,2604960,2.23,394.4,4.0,671.6,0.0625,182.4,oneplus,dimensity,android,1,Mid-Range
84.0,8.0,3.2,5000.0,1,120.0,8.0,256.0,6.78,120,3,1.0,50.0,16.0,0,,1,1,1,1080,2400,2592000,2.22,388.2,4.0,737.5,0.0312,204.8,iqoo,snapdragon,android,2,Premium
75.0,8.0,2.2,5000.0,1,18.0,4.0,64.0,6.58,90,2,1.0,50.0,8.0,1,512.0,1,0,1,1080,2400,2592000,2.22,400.0,3.0,759.9,0.0625,70.4,poco,dimensity,android,0,Budget
75.0,8.0,2.3,5020.0,1,18.0,4.0,64.0,6.67,60,4,1.0,48.0,16.0,1,512.0,0,0,1,1080,2400,2592000,2.22,394.6,5.0,752.6,0.0625,73.6,xiaomi,snapdragon,android,0,Budget
77.0,8.0,2.4,5000.0,1,44.0,4.0,128.0,6.44,60,3,1.0,50.0,16.0,1,1024.0,0,0,0,1080,2408,2600640,2.23,409.8,4.0,776.4,0.0312,76.8,vivo,snapdragon,android,0,Budget
88.0,8.0,3.2,3900.0,1,25.0,8.0,128.0,6.1,120,3,1.0,50.0,12.0,0,,1,1,0,1080,2340,2527200,2.17,422.5,4.0,639.3,0.0625,204.8,samsung,snapdragon,android,3,Flagship
83.0,8.0,2.5,5000.0,1,33.0,8.0,128.0,6.4,90,3,1.0,48.0,16.0,1,1024.0,1,0,0,1080,2400,2592000,2.22,411.2,4.0,781.2,0.0625,160.0,realme,dimensity,android,1,Mid-Range
83.0,8.0,2.0,4300.0,1,65.0,8.0,128.0,6.43,90,3,1.0,64.0,32.0,0,,1,1,0,1080,2400,2592000,2.22,409.3,4.0,668.7,0.0625,128.0,oppo,dimensity,android,1,Mid-Range
86.0,6.0,3.22,4352.0,1,,6.0,1024.0,6.7,120,3,1.0,12.0,12.0,0,,1,1,0,1284,2778,3566952,2.16,456.8,4.0,649.6,0.0059,115.92,apple,bionic,ios,3,Flagship
88.0,8.0,3.2,3700.0,1,25.0,8.0,128.0,6.7,120,2,1.0,12.0,10.0,0,,1,1,0,1080,2640,2851200,2.44,425.7,3.0,552.2,0.0625,204.8,samsung,snapdragon,android,3,Flagship
86.0,8.0,3.2,5000.0,1,165.0,12.0,256.0,6.8,120,3,1.0,50.0,16.0,0,,1,1,0,1116,2480,2767680,2.22,399.9,4.0,735.3,0.0469,307.2,nubia,snapdragon,android,3,Flagship
67.0,8.0,2.0,7000.0,0,,6.0,128.0,6.82,90,2,1.0,16.0,8.0,1,512.0,0,0,0,720,1600,1152000,2.22,257.3,3.0,1026.4,0.0469,96.0,tecno,helio,android,0,Budget
76.0,6.0,3.1,,0,,4.0,256.0,6.1,60,2,1.0,12.0,12.0,0,,1,1,0,1170,2532,2962440,2.16,457.3,3.0,819.7,0.0156,74.4,apple,bionic,ios,3,Flagship
65.0,8.0,1.95,4030.0,0,,4.0,64.0,6.22,60,2,1.0,13.0,20.0,1,256.0,0,0,0,720,1520,1094400,2.11,270.4,3.0,647.9,0.0625,62.4,vivo,snapdragon,android,0,Budget
73.0,8.0,2.0,6000.0,0,,4.0,64.0,6.4,90,4,1.0,48.0,13.0,1,1024.0,0,0,0,720,1600,1152000,2.22,274.1,5.0,937.5,0.0625,64.0,samsung,helio,android,0,Budget
84.0,8.0,2.4,4000.0,1,66.0,8.0,128.0,6.78,90,4,1.0,108.0,16.0,1,,0,1,0,1080,2388,2579040,2.21,386.6,5.0,590.0,0.0625,153.6,huawei,snapdragon,android,1,Mid-Range
81.0,8.0,2.3,5000.0,1,67.0,6.0,128.0,6.67,120,4,1.0,108.0,16.0,1,1024.0,0,0,1,1080,2400,2592000,2.22,394.6,5.0,749.6,0.0469,110.4,other_brand,snapdragon,android,1,Mid-Range
84.0,8.0,2.84,5000.0,1,65.0,8.0,128.0,6.62,120,3,1.0,50.0,16.0,0,,1,1,0,1080,2400,2592000,2.22,397.6,4.0,755.3,0.0625,181.76,realme,snapdragon,android,1,Mid-Range
81.0,8.0,2.0,4300.0,1,30.0,6.0,128.0,6.49,90,4,1.0,64.0,16.0,1,512.0,1,1,0,1080,2400,2592000,2.22,405.5,5.0,662.6,0.0469,96.0,oneplus,snapdragon,android,1,Mid-Range
,8.0,3.0,5000.0,1,45.0,8.0,128.0,6.8,120,4,1.0,108.0,40.0,0,,1,1,0,1440,3080,4435200,2.14,500.0,5.0,735.3,0.0625,192.0,samsung,snapdragon,android,3,Flagship
,8.0,1.5,2500.0,0,,3.0,32.0,5.0,60,1,1.0,13.0,13.0,1,64.0,0,0,0,1080,1920,2073600,1.78,440.6,2.0,500.0,0.0938,36.0,other_brand,snapdragon,android,0,Budget
80.0,8.0,,5000.0,1,67.0,12.0,256.0,6.73,120,3,1.0,50.0,12.0,0,,1,1,0,1440,3120,4492800,2.17,510.6,4.0,742.9,0.0469,220.8,google,google,android,3,Flagship
89.0,8.0,2.4,4000.0,1,,8.0,128.0,6.8,60,3,1.0,64.0,32.0,0,,1,1,0,1080,2460,2656800,2.28,395.1,4.0,588.2,0.0625,153.6,other_brand,snapdragon,android,3,Flagship
,4.0,2.0,5000.0,1,10.0,2.0,32.0,6.52,60,2,1.0,8.0,5.0,1,512.0,0,0,0,720,1600,1152000,2.22,269.1,3.0,766.9,0.0625,16.0,poco,helio,android,0,Budget
75.0,6.0,,3200.0,1,,6.0,128.0,6.1,120,3,1.0,48.0,12.0,0,,1,1,0,1179,2556,3013524,2.17,461.4,4.0,524.6,0.0469,82.8,apple,bionic,ios,3,Flagship
64.0,8.0,2.2,5000.0,1,18.0,4.0,32.0,6.5,90,1,1.0,13.0,8.0,1,512.0,1,0,0,720,1600,1152000,2.22,269.9,2.0,769.2,0.125,70.4,other_brand,snapdragon,android,0,Budget
80.0,8.0,2.2,5000.0,1,33.0,6.0,128.0,6.6,120,3,1.0,64.0,16.0,1,256.0,1,0,0,1080,2412,2604960,2.23,400.4,4.0,757.6,0.0469,105.6,realme,snapdragon,android,1,Mid-Range
78.0,8.0,2.0,5000.0,1,30.0,4.0,128.0,6.4,60,4,1.0,64.0,16.0,1,256.0,0,0,0,1080,2400,2592000,2.22,411.2,5.0,781.2,0.0312,64.0,realme,helio,android,1,Mid-Range
87.0,8.0,3.0,4500.0,1,67.0,8.0,128.0,6.28,120,3,1.0,50.0,32.0,0,,1,1,1,1080,2400,2592000,2.22,419.1,4.0,716.6,0.0625,192.0,xiaomi,snapdragon,android,2,Premium
75.0,8.0,2.2,5000.0,1,18.0,4.0,64.0,6.5,90,3,1.0,48.0,8.0,1,1024.0,1,0,1,1080,2400,2592000,2.22,404.9,4.0,769.2,0.0625,70.4,xiaomi,dimensity,android,0,Budget
87.0,8.0,3.2,6000.0,1,120.0,18.0,256.0,6.8,165,3,1.0,64.0,32.0,0,,1,1,0,1080,2448,2643840,2.27,393.5,4.0,882.4,0.0703,460.8,asus,snapdragon,android,3,Flagship
70.0,8.0,1.8,5000.0,1,18.0,6.0,128.0,6.5,90,3,1.0,13.0,16.0,1,256.0,0,0,0,720,1600,1152000,2.22,269.9,4.0,769.2,0.0469,86.4,oppo,snapdragon,android,0,Budget
89.0,8.0,3.0,5000.0,1,,12.0,256.0,6.6,240,2,1.0,47.2,12.6,1,1024.0,1,1,0,1260,2730,3439800,2.17,455.6,3.0,757.6,0.0469,288.0,other_brand,snapdragon,android,3,Flagship
80.0,8.0,2.2,5000.0,1,18.0,6.0,128.0,6.5,60,4,1.0,64.0,16.0,1,1024.0,0,0,0,1080,2340,2527200,2.17,396.5,5.0,769.2,0.0469,105.6,motorola,snapdragon,android,1,Mid-Range
,4.0,2.0,5000.0,0,,2.0,32.0,6.56,60,2,1.0,8.0,5.0,1,1024.0,0,0,0,720,1600,1152000,2.22,267.5,3.0,762.2,0.0625,16.0,tecno,helio,android,0,Budget
86.0,8.0,3.2,4300.0,1,30.0,8.0,128.0,5.9,120,2,1.0,50.0,12.0,0,,1,1,0,1080,2400,2592000,2.22,446.1,3.0,728.8,0.0625,204.8,asus,snapdragon,android,3,Flagship
74.0,8.0,2.0,6000.0,1,18.0,4.0,64.0,6.5,90,4,1.0,50.0,8.0,1,512.0,0,0,1,1080,2400,2592000,2.22,404.9,5.0,923.1,0.0625,64.0,xiaomi,helio,android,0,Budget
85.0,8.0,2.84,4500.0,1,65.0,8.0,128.0,6.43,120,3,1.0,64.0,16.0,0,,1,1,0,1080,2400,2592000,2.22,409.3,4.0,699.8,0.0625,181.76,realme,snapdragon,android,2,Premium
,8.0,2.86,4500.0,1,55.0,8.0,512.0,8.0,60,4,1.0,48.0,,0,,1,1,1,2200,2480,5456000,1.13,414.4,5.0,562.5,0.0156,183.04,huawei,kirin,android,3,Flagship
88.0,8.0,3.2,4300.0,1,44.0,8.0,256.0,6.8,120,2,1.0,50.0,32.0,0,,1,1,0,1080,2520,2721600,2.33,403.2,3.0,632.4,0.0312,204.8,oppo,dimensity,android,3,Flagship
79.0,8.0,,4700.0,1,,8.0,128.0,6.73,120,3,1.0,48.0,12.0,0,,1,1,0,1290,2796,3606840,2.17,457.5,4.0,698.4,0.0625,147.2,apple,bionic,ios,3,Flagship
66.0,8.0,2.3,4230.0,0,,3.0,32.0,6.52,60,3,1.0,13.0,5.0,1,256.0,0,0,0,720,1600,1152000,2.22,269.1,4.0,648.8,0.0938,55.2,oppo,helio,android,0,Budget
75.0,8.0,2.3,5000.0,1,20.0,4.0,64.0,6.53,90,4,1.0,50.0,16.0,1,1024.0,0,0,0,720,1600,1152000,2.22,268.7,5.0,765.7,0.0625,73.6,motorola,helio,android,0,Budget
63.0,8.0,2.3,5000.0,0,,3.0,64.0,6.6,90,2,1.0,13.0,8.0,1,256.0,0,0,0,720,1600,1152000,2.22,265.8,3.0,757.6,0.0469,55.2,tecno,helio,android,0,Budget
62.0,8.0,1.6,5000.0,0,,4.0,64.0,6.5,60,1,1.0,8.0,5.0,1,256.0,0,0,0,720,1600,1152000,2.22,269.9,2.0,769.2,0.0625,51.2,realme,unisoc,android,0,Budget
85.0,8.0,2.4,4300.0,1,33.0,8.0,128.0,6.44,60,4,2.0,64.0,44.0,0,,1,0,0,1080,2400,2592000,2.22,408.7,6.0,667.7,0.0625,153.6,vivo,snapdragon,android,2,Premium
83.0,8.0,2.5,5160.0,1,67.0,8.0,128.0,6.67,120,3,1.0,108.0,16.0,1,1024.0,1,0,1,1080,2400,2592000,2.22,394.6,4.0,773.6,0.0625,160.0,xiaomi,dimensity,android,1,Mid-Range
84.0,8.0,2.05,5000.0,1,44.0,8.0,256.0,6.7,120,4,2.0,50.0,48.0,0,,0,0,0,1080,2400,2592000,2.22,392.8,6.0,746.3,0.0312,131.2,tecno,helio,android,1,Mid-Range
82.0,8.0,3.2,5000.0,1,65.0,8.0,128.0,6.62,120,3,1.0,64.0,16.0,0,,1,1,0,1080,2400,2592000,2.22,397.6,4.0,755.3,0.0625,204.8,realme,snapdragon,android,2,Premium
60.0,8.0,1.82,5000.0,0,,3.0,32.0,6.5,60,1,1.0,8.0,5.0,1,1024.0,0,0,0,720,1600,1152000,2.22,269.9,2.0,769.2,0.0938,43.68,realme,tiger,android,0,Budget
76.0,8.0,2.3,5000.0,1,18.0,6.0,128.0,6.51,60,3,1.0,50.0,16.0,1,256.0,0,0,0,720,1600,1152000,2.22,269.5,4.0,768.0,0.0469,110.4,oppo,helio,android,0,Budget
,8.0,3.2,4700.0,1,120.0,12.0,256.0,6.78,120,3,1.0,50.0,32.0,0,,1,1,0,1080,2400,2592000,2.22,388.2,4.0,693.2,0.0469,307.2,oppo,snapdragon,android,3,Flagship
78.0,8.0,2.4,5000.0,1,33.0,6.0,64.0,6.7,60,3,1.0,50.0,16.0,1,2048.0,1,0,0,1080,2400,2592000,2.22,392.8,4.0,746.3,0.0938,115.2,infinix,dimensity,android,1,Mid-Range
75.0,8.0,2.4,5000.0,1,18.0,4.0,64.0,6.5,90,3,1.0,48.0,16.0,1,1024.0,1,0,0,1080,2400,2592000,2.22,404.9,4.0,769.2,0.0625,76.8,realme,dimensity,android,0,Budget
78.0,8.0,2.0,5000.0,1,67.0,6.0,128.0,6.67,120,3,1.0,108.0,16.0,0,,1,1,1,1080,2460,2656800,2.28,402.8,4.0,749.6,0.0469,96.0,xiaomi,dimensity,android,1,Mid-Range
76.0,,,6000.0,1,33.0,6.0,64.0,6.81,60,4,1.0,108.0,32.0,1,,1,0,0,1080,2400,2592000,2.22,386.5,5.0,881.1,0.0938,110.4,nokia,snapdragon,android,2,Premium
,4.0,2.0,5000.0,0,,2.0,32.0,6.6,60,2,1.0,8.0,5.0,1,512.0,0,0,0,720,1600,1152000,2.22,265.8,3.0,757.6,0.0625,16.0,infinix,helio,android,0,Budget
84.0,8.0,3.0,4500.0,1,50.0,8.0,128.0,6.43,120,3,1.0,64.0,16.0,0,,1,1,0,1080,2400,2592000,2.22,409.3,4.0,699.8,0.0625,192.0,realme,dimensity,android,1,Mid-Range
79.0,8.0,2.2,5000.0,1,67.0,6.0,128.0,6.67,120,3,1.0,50.0,16.0,1,1024.0,1,0,0,1080,2400,2592000,2.22,394.6,4.0,749.6,0.0469,105.6,poco,dimensity,android,0,Budget
86.0,8.0,2.5,4200.0,1,44.0,12.0,256.0,6.44,90,3,2.0,64.0,50.0,1,,1,0,0,1080,2400,2592000,2.22,408.7,5.0,652.2,0.0469,240.0,vivo,dimensity,android,1,Mid-Range
75.0,8.0,2.0,5000.0,0,,6.0,128.0,6.5,60,4,1.0,48.0,13.0,1,512.0,0,0,0,720,1600,1152000,2.22,269.9,5.0,769.2,0.0469,96.0,samsung,exynos,android,1,Mid-Range
,8.0,3.0,4500.0,1,100.0,12.0,256.0,6.78,120,3,1.0,200.0,50.0,0,,1,1,0,1200,2652,3182400,2.21,429.3,4.0,663.7,0.0469,288.0,honor,snapdragon,android,3,Flagship
63.0,6.0,2.65,1821.0,1,18.0,3.0,64.0,4.7,60,1,1.0,12.0,7.0,0,,0,1,0,750,1334,1000500,1.78,325.6,2.0,387.4,0.0469,47.7,apple,bionic,ios,2,Premium
60.0,8.0,1.5,3500.0,0,,3.0,32.0,5.5,60,2,1.0,13.0,5.0,1,64.0,0,0,0,1080,1920,2073600,1.78,400.5,3.0,636.4,0.0938,36.0,other_brand,snapdragon,android,0,Budget
80.0,8.0,3.2,4520.0,1,33.0,6.0,128.0,6.67,120,3,1.0,48.0,20.0,0,,1,0,1,1080,2400,2592000,2.22,394.6,4.0,677.7,0.0469,153.6,xiaomi,snapdragon,android,1,Mid-Range
75.0,8.0,,5000.0,1,33.0,6.0,128.0,6.5,90,4,1.0,48.0,13.0,1,1024.0,1,1,0,1080,2400,2592000,2.22,404.9,5.0,769.2,0.0469,110.4,samsung,exynos,android,1,Mid-Range
86.0,8.0,2.85,4500.0,1,80.0,12.0,256.0,6.7,120,3,1.0,50.0,32.0,0,,1,1,0,1080,2412,2604960,2.23,394.4,4.0,671.6,0.0469,273.6,oppo,dimensity,android,2,Premium
67.0,8.0,2.3,5000.0,1,33.0,3.0,64.0,6.56,60,2,1.0,13.0,8.0,1,,0,0,0,720,1612,1160640,2.24,269.1,3.0,762.2,0.0469,55.2,oppo,helio,android,0,Budget
87.0,8.0,2.84,4200.0,1,65.0,12.0,256.0,6.44,90,4,2.0,64.0,32.0,0,,1,1,0,1080,2400,2592000,2.22,408.7,6.0,652.2,0.0469,272.64,realme,snapdragon,android,1,Mid-Range
,8.0,3.0,6000.0,1,65.0,12.0,256.0,6.9,120,1,1.0,200.0,32.0,1,,1,0,0,1400,3200,4480000,2.29,506.2,2.0,869.6,0.0469,288.0,nokia,snapdragon,android,2,Premium
82.0,8.0,3.2,5000.0,1,80.0,8.0,128.0,6.67,144,3,1.0,64.0,16.0,0,,1,1,0,1080,2400,2592000,2.22,394.6,4.0,749.6,0.0625,204.8,nubia,snapdragon,android,2,Premium
66.0,8.0,2.3,5000.0,1,10.0,3.0,64.0,6.51,60,2,1.0,13.0,5.0,1,,0,0,0,720,1600,1152000,2.22,269.5,3.0,768.0,0.0469,55.2,vivo,helio,android,0,Budget
65.0,8.0,1.82,5000.0,0,,4.0,64.0,6.52,60,3,1.0,13.0,5.0,1,1024.0,0,0,0,720,1600,1152000,2.22,269.1,4.0,766.9,0.0625,58.24,realme,tiger,android,0,Budget
75.0,8.0,2.4,5000.0,1,33.0,4.0,128.0,6.6,90,3,1.0,50.0,16.0,1,1024.0,0,0,0,1080,2412,2604960,2.23,400.4,4.0,757.6,0.0312,76.8,realme,snapdragon,android,0,Budget
88.0,8.0,3.2,6000.0,1,65.0,18.0,512.0,6.78,165,3,1.0,50.0,12.0,0,,1,1,0,1080,2448,2643840,2.27,394.6,4.0,885.0,0.0352,460.8,asus,snapdragon,android,3,Flagship
81.0,8.0,2.4,4700.0,1,66.0,6.0,128.0,6.44,90,3,1.0,64.0,16.0,1,1024.0,1,0,0,1080,2404,2596320,2.23,409.2,4.0,729.8,0.0469,115.2,vivo,snapdragon,android,1,Mid-Range
64.0,8.0,2.0,5000.0,0,,3.0,64.0,6.6,60,2,1.0,13.0,8.0,1,,0,0,0,720,1612,1160640,2.24,267.5,3.0,757.6,0.0469,48.0,infinix,helio,android,0,Budget
85.0,8.0,2.4,5000.0,1,,8.0,128.0,6.8,60,4,1.0,48.0,16.0,1,,1,1,0,1080,2460,2656800,2.28,395.1,5.0,735.3,0.0625,153.6,other_brand,dimensity,android,0,Budget
,8.0,2.73,5000.0,1,45.0,12.0,128.0,6.9,60,4,1.0,108.0,40.0,1,1024.0,1,1,0,1440,3200,4608000,2.22,508.6,5.0,724.6,0.0938,262.08,samsung,exynos,android,3,Flagship
74.0,8.0,2.0,5000.0,1,18.0,6.0,64.0,6.53,60,3,1.0,16.0,16.0,1,256.0,0,0,0,1080,2340,2527200,2.17,394.7,4.0,765.7,0.0938,96.0,vivo,snapdragon,android,0,Budget
85.0,8.0,3.0,4500.0,1,80.0,12.0,256.0,6.43,90,3,1.0,50.0,32.0,0,,1,1,0,1080,2400,2592000,2.22,409.3,4.0,699.8,0.0469,288.0,oneplus,dimensity,android,2,Premium
73.0,8.0,2.0,6000.0,1,15.0,4.0,64.0,6.5,90,4,1.0,48.0,8.0,1,512.0,0,0,0,720,1600,1152000,2.22,269.9,5.0,923.1,0.0625,64.0,samsung,exynos,android,0,Budget
73.0,8.0,2.2,5000.0,0,,6.0,128.0,6.5,60,2,1.0,13.0,8.0,1,,1,0,0,720,1600,1152000,2.22,269.9,3.0,769.2,0.0469,105.6,oppo,dimensity,android,1,Mid-Range
83.0,8.0,2.7,4500.0,1,25.0,6.0,128.0,6.7,60,3,1.0,12.0,32.0,1,1024.0,0,1,0,1080,2400,2592000,2.22,392.8,4.0,671.6,0.0469,129.6,samsung,exynos,android,2,Premium
81.0,6.0,3.22,3279.0,1,,6.0,128.0,6.1,60,2,1.0,12.0,12.0,0,,1,1,0,1170,2532,2962440,2.16,457.3,3.0,537.5,0.0469,115.92,apple,bionic,ios,3,Flagship
75.0,8.0,2.2,5000.0,1,18.0,4.0,128.0,6.5,90,3,1.0,48.0,16.0,1,1024.0,1,0,0,1080,2400,2592000,2.22,404.9,4.0,769.2,0.0312,70.4,realme,dimensity,android,1,Mid-Range
84.0,8.0,2.2,4020.0,1,68.0,8.0,128.0,6.28,120,2,1.0,64.0,32.0,0,,1,1,0,1080,2400,2592000,2.22,419.1,3.0,640.1,0.0625,140.8,motorola,snapdragon,android,2,Premium
81.0,8.0,2.2,5000.0,1,33.0,6.0,128.0,6.59,120,3,1.0,50.0,16.0,1,1024.0,1,0,0,1080,2412,2604960,2.23,401.0,4.0,758.7,0.0469,105.6,oneplus,snapdragon,android,1,Mid-Range
85.0,8.0,2.2,5000.0,1,33.0,8.0,256.0,6.59,120,3,1.0,64.0,16.0,1,1024.0,1,0,0,1080,2412,2604960,2.23,401.0,4.0,758.7,0.0312,140.8,oneplus,snapdragon,android,1,Mid-Range
79.0,8.0,2.4,5000.0,1,15.0,6.0,128.0,6.6,90,3,1.0,50.0,13.0,1,1024.0,1,0,0,1080,2408,2600640,2.23,399.9,4.0,757.6,0.0469,115.2,samsung,exynos,android,1,Mid-Range
74.0,8.0,2.2,5000.0,1,33.0,4.0,128.0,6.67,120,3,1.0,48.0,8.0,0,,1,0,1,1080,2400,2592000,2.22,394.6,4.0,749.6,0.0312,70.4,poco,snapdragon,android,0,Budget
64.0,8.0,1.8,5000.0,0,,4.0,64.0,6.52,60,2,1.0,16.0,8.0,1,256.0,0,0,0,720,1600,1152000,2.22,269.1,3.0,766.9,0.0625,57.6,tecno,helio,android,0,Budget
,8.0,3.2,4520.0,1,67.0,12.0,256.0,7.1,120,3,2.0,50.0,32.0,0,,1,1,0,1792,1920,3440640,1.07,369.9,5.0,636.6,0.0469,307.2,oppo,snapdragon,android,3,Flagship
86.0,8.0,2.85,5000.0,1,80.0,8.0,128.0,6.7,120,3,1.0,50.0,16.0,0,,1,1,0,1080,2412,2604960,2.23,394.4,4.0,746.3,0.0625,182.4,oneplus,dimensity,android,2,Premium
67.0,8.0,2.3,6000.0,1,18.0,4.0,64.0,6.82,90,2,1.0,13.0,8.0,1,256.0,0,0,0,720,1640,1180800,2.28,262.6,3.0,879.8,0.0625,73.6,infinix,helio,android,0,Budget
89.0,8.0,3.0,5000.0,1,65.0,12.0,256.0,6.7,120,3,1.0,50.0,32.0,0,,1,1,0,1440,3216,4631040,2.23,525.9,4.0,746.3,0.0469,288.0,realme,snapdragon,android,2,Premium
79.0,8.0,2.2,5000.0,1,25.0,6.0,128.0,6.6,120,4,1.0,50.0,8.0,1,1024.0,1,0,0,1080,2408,2600640,2.23,399.9,5.0,757.6,0.0469,105.6,samsung,snapdragon,android,1,Mid-Range
73.0,8.0,2.2,6000.0,1,18.0,8.0,128.0,6.82,90,2,1.0,50.0,8.0,1,512.0,0,0,0,720,1600,1152000,2.22,257.3,3.0,879.8,0.0625,140.8,tecno,helio,android,0,Budget
76.0,8.0,,5000.0,1,45.0,8.0,128.0,6.67,120,3,1.0,64.0,16.0,1,1024.0,1,0,0,1080,2412,2604960,2.23,396.2,4.0,749.6,0.0625,147.2,iqoo,snapdragon,android,1,Mid-Range
,8.0,1.6,5000.0,1,18.0,2.0,32.0,6.6,60,2,1.0,8.0,5.0,1,128.0,0,0,0,720,1612,1160640,2.24,267.5,3.0,757.6,0.0625,25.6,itel,unisoc,android,0,Budget
,4.0,1.3,5000.0,0,,1.0,16.0,6.5,60,2,1.0,8.0,8.0,0,,0,0,0,720,1600,1152000,2.22,269.9,3.0,769.2,0.0625,5.2,itel,other_proc,android,0,Budget
81.0,8.0,3.2,4700.0,1,66.0,12.0,512.0,6.74,120,3,1.0,50.0,13.0,1,256.0,0,1,1,1212,2616,3170592,2.16,427.8,4.0,697.3,0.0234,307.2,huawei,snapdragon,other_os,3,Flagship
85.0,8.0,2.4,5000.0,1,25.0,8.0,128.0,6.4,90,4,1.0,48.0,13.0,1,1024.0,1,1,0,1080,2400,2592000,2.22,411.2,5.0,781.2,0.0625,153.6,samsung,exynos,android,1,Mid-Range
74.0,8.0,2.0,5000.0,1,18.0,4.0,128.0,6.51,60,3,1.0,50.0,8.0,1,1024.0,0,0,0,720,1600,1152000,2.22,269.5,4.0,768.0,0.0312,64.0,vivo,helio,android,0,Budget
80.0,8.0,2.2,5000.0,1,30.0,6.0,128.0,6.5,120,3,1.0,48.0,16.0,1,,1,0,0,1080,2400,2592000,2.22,404.9,4.0,769.2,0.0469,105.6,realme,snapdragon,android,0,Budget
